No,Product Type,Primary,On Primary,Secondary,On Secondary,Accent,On Accent,Background,Foreground,Card,Card Foreground,Muted,Muted Foreground,Border,Destructive,On Destructive,Ring,Keywords,Notes
1,SaaS (General),#2563EB,#FFFFFF,#3B82F6,#FFFFFF,#EA580C,#0F172A,#FFFFFF,#1E293B,#FFFFFF,#1E293B,#E9EFF8,#64748B,#E2E8F0,#DC2626,#FFFFFF,#2563EB,cloud platform service software tool,Trust blue + orange CTA contrast [Accent adjusted from #F97316 for WCAG 3:1]
2,Micro SaaS,#027CBA,#FFFFFF,#0EA5E9,#FFFFFF,#16A34A,#0F172A,#FFFFFF,#0C4A6E,#FFFFFF,#0C4A6E,#E8F2F8,#64748B,#E5E5E5,#DC2626,#FFFFFF,#027CBA,cloud platform service software tool,Tech sky blue + orange CTA; bg neutralized
3,E-commerce,#04875F,#FFFFFF,#10B981,#0F172A,#7C3AED,#FFFFFF,#FFFFFF,#064E3B,#FFFFFF,#064E3B,#E8F1F3,#64748B,#E5E5E5,#DC2626,#FFFFFF,#059669,hyperlocal services,Success green + urgency orange [Accent adjusted from #F97316 for WCAG 3:1]; bg neutralized
4,E-commerce Luxury,#59493E,#FFFFFF,#44403C,#FFFFFF,#A16207,#FFFFFF,#FAFAF9,#0C0A09,#FFFFFF,#0C0A09,#E8ECF0,#64748B,#D6D3D1,#DC2626,#FFFFFF,#59493E,boutique exclusive high-end premium upscale luxury premium brand,Premium dark + gold accent [Accent adjusted from #CA8A04 for WCAG 3:1]
5,B2B Service,#203159,#FFFFFF,#334155,#FFFFFF,#0369A1,#FFFFFF,#FAFAF9,#020617,#FFFFFF,#020617,#F2F0EC,#64748B,#E3E2DE,#DC2626,#FFFFFF,#203159,government public service,Professional navy + blue CTA
6,Financial Dashboard,#203159,#FFFFFF,#1E293B,#FFFFFF,#D97706,#0F172A,#020617,#F8FAFC,#0E1223,#F8FAFC,#282E48,#94A3B8,#354358,#EF4444,#FFFFFF,#203159,analytics bank banking data finance fintech metrics money monitor overview,Dark bg + amber data highlights
7,Analytics Dashboard,#1E40AF,#FFFFFF,#3B82F6,#FFFFFF,#0D9488,#0F172A,#F8FAFC,#1E3A8A,#FFFFFF,#1E3A8A,#E9EEF6,#64748B,#DBEAFE,#DC2626,#FFFFFF,#1E40AF,analytics chart dashboard data metrics monitor overview tracking,Blue data + amber highlights [Accent adjusted from #F59E0B for WCAG 3:1]
8,Healthcare App,#07819F,#FFFFFF,#22D3EE,#0F172A,#4F46E5,#FFFFFF,#FFFFFF,#164E63,#FFFFFF,#164E63,#E8F1F6,#64748B,#E5E5E5,#DC2626,#FFFFFF,#0891B2,clinic health hospital medical wellness,Calm cyan + health green; bg neutralized
9,Educational App,#1E40AF,#FFFFFF,#3B82F6,#FFFFFF,#EA580C,#0F172A,#FFFFFF,#1E3A8A,#FFFFFF,#1E3A8A,#E9EEF6,#64748B,#BFDBFE,#DC2626,#FFFFFF,#1E40AF,education learn learning school study teaching,Rich academic blue + energetic orange; bg neutralized
10,Creative Agency,#D71676,#FFFFFF,#F472B6,#0F172A,#059669,#0F172A,#FDF2F8,#831843,#FFFFFF,#831843,#F1EEF5,#64748B,#FBCFE8,#DC2626,#FFFFFF,#EC4899,advertising creative marketing promotion studio marketing agency,Bold pink + cyan accent [Accent adjusted from #06B6D4 for WCAG 3:1]
11,Portfolio/Personal,#3E3E59,#FFFFFF,#3F3F46,#FFFFFF,#2563EB,#FFFFFF,#FAFAFA,#09090B,#FFFFFF,#09090B,#E8ECF0,#64748B,#E4E4E7,#DC2626,#FFFFFF,#3E3E59,personal project resume showcase work,Monochrome + blue accent
12,Gaming,#7C3AED,#FFFFFF,#A78BFA,#0F172A,#F43F5E,#0F172A,#0F0F23,#E2E8F0,#1E1C35,#E2E8F0,#31314A,#94A3B8,#5822AC,#EF4444,#FFFFFF,#7C3AED,arcade entertainment fun game play puzzle,Neon purple + rose action
13,Fintech/Crypto,#F59E0B,#0F172A,#FBBF24,#0F172A,#8655F6,#FFFFFF,#0F172A,#F8FAFC,#222735,#F8FAFC,#2E374D,#94A3B8,#3B4B62,#EF4444,#FFFFFF,#F59E0B,bank banking bitcoin blockchain cryptocurrency defi finance financial money web3,Gold trust + purple tech
14,Social Media App,#DA1C46,#FFFFFF,#FB7185,#0F172A,#2563EB,#FFFFFF,#FFF1F2,#881337,#FFFFFF,#881337,#F0ECF2,#64748B,#FECDD3,#DC2626,#FFFFFF,#E11D48,social network community feed posts sharing followers,Vibrant rose + engagement blue
15,Productivity Tool,#0B8177,#FFFFFF,#14B8A6,#0F172A,#EA580C,#0F172A,#FAFAFA,#134E4A,#FFFFFF,#134E4A,#E8F1F4,#64748B,#E5E5E5,#DC2626,#FFFFFF,#0D9488,efficiency organize task tool work,Teal focus + action orange [Accent adjusted from #F97316 for WCAG 3:1]; bg neutralized
16,Design System/Component Library,#475569,#FFFFFF,#64748B,#FFFFFF,#16A34A,#0F172A,#FAFAFA,#1E293B,#FFFFFF,#1E293B,#EAEFF3,#64748B,#E2E8F0,#DC2626,#FFFFFF,#475569,component kit library system ui,Neutral slate + doc hierarchy orange
17,AI/Chatbot Platform,#0F766E,#FFFFFF,#14B8A6,#0F172A,#7C3AED,#FFFFFF,#FAFAFA,#134E4A,#FFFFFF,#134E4A,#E8F0F3,#64748B,#E5E5E5,#DC2626,#FFFFFF,#0F766E,ai assistant bot conversation virtual,Deep teal + warm amber CTA; bg neutralized
18,NFT/Web3 Platform,#8655F6,#FFFFFF,#A78BFA,#0F172A,#0891B2,#0F172A,#0F0F23,#F8FAFC,#1E1D35,#F8FAFC,#31314A,#94A3B8,#5822AC,#EF4444,#FFFFFF,#8655F6,blockchain collectible crypto decentralized digital nft token web3,Purple tech + gold value
19,Creator Economy Platform,#D71676,#FFFFFF,#F472B6,#0F172A,#A855F7,#0F172A,#FDF2F8,#831843,#FFFFFF,#831843,#F1EEF5,#64748B,#E5E5E5,#DC2626,#FFFFFF,#EC4899,content creative influencer media social,Creator pink + engagement orange [Accent adjusted from #F97316 for WCAG 3:1]
20,Remote Work/Collaboration Tool,#0B8177,#FFFFFF,#14B8A6,#0F172A,#DB2777,#FFFFFF,#FAFAFA,#134E4A,#FFFFFF,#134E4A,#E8F1F4,#64748B,#E5E5E5,#DC2626,#FFFFFF,#0D9488,remote work collaboration team meeting virtual office productivity,Collaborative teal + warm amber; bg neutralized
21,Mental Health App,#166534,#FFFFFF,#22C55E,#0F172A,#059669,#0F172A,#FAFAFA,#14532D,#FFFFFF,#14532D,#E8F0F1,#64748B,#BBF7D0,#DC2626,#FFFFFF,#166534,clinic healthcare hospital medical wellness,Healing forest green + wellness emerald; bg neutralized
22,Pet Tech App,#BF5104,#FFFFFF,#FB923C,#0F172A,#2563EB,#FFFFFF,#FFF7ED,#9A3412,#FFFFFF,#9A3412,#F1F0F0,#64748B,#FED7AA,#DC2626,#FFFFFF,#F97316,animal cat dog kitten puppy,Playful orange + trust blue
23,Smart Home/IoT Dashboard,#2D3E59,#FFFFFF,#334155,#FFFFFF,#06B6D4,#0F172A,#0F172A,#F8FAFC,#1B2336,#F8FAFC,#2E374D,#94A3B8,#475569,#EF4444,#FFFFFF,#2D3E59,analytics automation connected data decoration device home house interior iot living metrics monitor overview residential sensor smart,Dark tech + cyan status indicators
24,EV/Charging Ecosystem,#07819F,#FFFFFF,#22D3EE,#0F172A,#16A34A,#0F172A,#FFFFFF,#164E63,#FFFFFF,#164E63,#E8F1F6,#64748B,#A5F3FC,#DC2626,#FFFFFF,#0891B2,electric vehicle charging station ev battery energy green,Electric cyan + eco green [Accent adjusted from #22C55E for WCAG 3:1]; bg neutralized
25,Subscription Box Service,#C012DA,#FFFFFF,#E879F9,#0F172A,#EA580C,#0F172A,#FDF4FF,#86198F,#FFFFFF,#86198F,#F0EEF9,#64748B,#F5D0FE,#DC2626,#FFFFFF,#D946EF,box membership package recurring,Excitement purple + urgency orange [Accent adjusted from #F97316 for WCAG 3:1]
26,Podcast Platform,#242059,#FFFFFF,#312E81,#FFFFFF,#E11D48,#FFFFFF,#0F0F23,#F8FAFC,#1B1B30,#F8FAFC,#31314A,#94A3B8,#4338CA,#EF4444,#FFFFFF,#242059,audio episode listen show streaming,Dark audio + warm accent
27,Dating App,#DA1C46,#FFFFFF,#FB7185,#0F172A,#7C3AED,#FFFFFF,#FFF1F2,#881337,#FFFFFF,#881337,#F0ECF2,#64748B,#FECDD3,#DC2626,#FFFFFF,#E11D48,love match relationship romance social,Romantic rose + warm orange [Accent adjusted from #F97316 for WCAG 3:1]
28,Micro-Credentials/Badges Platform,#0369A1,#FFFFFF,#0EA5E9,#0F172A,#E11D48,#FFFFFF,#FFFFFF,#0C4A6E,#FFFFFF,#0C4A6E,#E7EFF5,#64748B,#E5E5E5,#DC2626,#FFFFFF,#0369A1,credentials badges certification learning achievement digital certificate,Trust blue + achievement gold [Accent adjusted from #CA8A04 for WCAG 3:1]; bg neutralized
29,Knowledge Base/Documentation,#475569,#FFFFFF,#64748B,#FFFFFF,#0D9488,#0F172A,#FAF9F5,#1E293B,#FFFFFF,#1E293B,#F2F0EC,#64748B,#E3E2DE,#DC2626,#FFFFFF,#475569,documentation faq guide reference wiki,Neutral grey + link blue
30,Beauty/Spa/Wellness Service,#D71676,#FFFFFF,#F9A8D4,#0F172A,#7C3AED,#FFFFFF,#FDF2F8,#831843,#FFFFFF,#831843,#F1EEF5,#64748B,#FBCFE8,#DC2626,#FFFFFF,#EC4899,beauty calm cosmetic health mindfulness relaxation salon selfcare skincare spa wellness,Soft pink + lavender luxury [Accent darkened from #8B5CF6 for WCAG]
31,Restaurant/Food Service,#DA2323,#FFFFFF,#F87171,#0F172A,#A16207,#FFFFFF,#FEF2F2,#450A0A,#FFFFFF,#450A0A,#F0EDF1,#64748B,#FECACA,#DC2626,#FFFFFF,#DC2626,cafe cooking cuisine dining eat food meal recipe restaurant,Appetizing red + warm gold [Accent adjusted from #CA8A04 for WCAG 3:1]
32,Fitness/Gym App,#F97316,#0F172A,#FB923C,#0F172A,#22C55E,#0F172A,#1F2937,#F8FAFC,#313742,#F8FAFC,#3A4554,#94A3B8,#4A576C,#EF4444,#FFFFFF,#F97316,active exercise fitness gym sport training workout,Energy orange + success green
33,Real Estate/Property,#0F766E,#FFFFFF,#14B8A6,#0F172A,#0369A1,#FFFFFF,#FAFAFA,#134E4A,#FFFFFF,#134E4A,#E8F0F3,#64748B,#99F6E4,#DC2626,#FFFFFF,#0F766E,apartment estate home housing property real,Trust teal + professional blue; bg neutralized
34,Travel/Tourism Agency,#0A79AC,#FFFFFF,#38BDF8,#0F172A,#EA580C,#0F172A,#F0F9FF,#0C4A6E,#FFFFFF,#0C4A6E,#E8F2F8,#64748B,#BAE6FD,#DC2626,#FFFFFF,#0EA5E9,advertising creative destination journey marketing promotion studio tour tourism travel trip vacation,Sky blue + adventure orange [Accent adjusted from #F97316 for WCAG 3:1]
35,Hotel/Hospitality,#1E3A8A,#FFFFFF,#3B82F6,#FFFFFF,#0891B2,#0F172A,#FFFEFB,#1E40AF,#FFFFFF,#1E40AF,#F2F0EC,#64748B,#E3E2DE,#DC2626,#FFFFFF,#1E3A8A,accommodation hospitality lodge resort stay,Luxury navy + gold service [Accent adjusted from #CA8A04 for WCAG 3:1]
36,Wedding/Event Planning,#D32371,#FFFFFF,#F472B6,#0F172A,#B8860B,#0F172A,#FDF2F8,#831843,#FFFFFF,#831843,#F0EDF4,#64748B,#FBCFE8,#DC2626,#FFFFFF,#DB2777,bridal celebration ceremony event marriage,Romantic pink + elegant gold [Accent adjusted from #CA8A04 for WCAG 3:1]
37,Legal Services,#1E3A8A,#FFFFFF,#1E40AF,#FFFFFF,#DB2777,#FFFFFF,#FAF9F5,#0F172A,#FFFFFF,#0F172A,#F2F0EC,#64748B,#E3E2DE,#DC2626,#FFFFFF,#1E3A8A,attorney court justice law lawyer,Authority navy + trust gold
38,Insurance Platform,#0369A1,#FFFFFF,#0EA5E9,#0F172A,#1E40AF,#FFFFFF,#FFFFFF,#0C4A6E,#FFFFFF,#0C4A6E,#E7EFF5,#64748B,#E5E5E5,#DC2626,#FFFFFF,#0369A1,claim coverage policy protection,Security blue + trust amber; bg neutralized
39,Banking/Traditional Finance,#203159,#FFFFFF,#1E3A8A,#FFFFFF,#0D9488,#0F172A,#FAFAF9,#020617,#FFFFFF,#020617,#F2F0EC,#64748B,#E3E2DE,#DC2626,#FFFFFF,#203159,bank banking finance financial fintech money,Trust navy + premium gold [Accent adjusted from #CA8A04 for WCAG 3:1]
40,Online Course/E-learning,#0B8177,#FFFFFF,#2DD4BF,#0F172A,#1E3A5F,#FFFFFF,#FAFAFA,#134E4A,#FFFFFF,#134E4A,#E8F1F4,#64748B,#5EEAD4,#DC2626,#FFFFFF,#0D9488,education educational learn school study teaching,Progress teal + achievement orange [Accent adjusted from #F97316 for WCAG 3:1]; bg neutralized
41,Non-profit/Charity,#07819F,#FFFFFF,#22D3EE,#0F172A,#059669,#0F172A,#FFFFFF,#164E63,#FFFFFF,#164E63,#E8F1F6,#64748B,#A5F3FC,#DC2626,#FFFFFF,#0891B2,cause donation giving nonprofit volunteer,Compassion blue + action orange [Accent adjusted from #F97316 for WCAG 3:1]; bg neutralized
42,Music Streaming,#242059,#FFFFFF,#4338CA,#FFFFFF,#0D9488,#0F172A,#0F0F23,#F8FAFC,#1B1B30,#F8FAFC,#31314A,#94A3B8,#3C389D,#EF4444,#FFFFFF,#242059,audio instrument melody rhythm song sound,Dark purple + entertainment pink
43,Video Streaming/OTT,#262659,#FFFFFF,#1E1B4B,#FFFFFF,#E11D48,#FFFFFF,#000000,#F8FAFC,#0C0C0D,#F8FAFC,#2C2C2C,#94A3B8,#36338E,#EF4444,#FFFFFF,#262659,clip film movie recording streaming,Cinema dark + play red
44,Job Board/Recruitment,#0369A1,#FFFFFF,#0EA5E9,#0F172A,#EA580C,#0F172A,#FFFFFF,#0C4A6E,#FFFFFF,#0C4A6E,#E7EFF5,#64748B,#BAE6FD,#DC2626,#FFFFFF,#0369A1,jobs hiring recruitment career employment talent hr,Professional blue + opportunity orange; bg neutralized
45,Marketplace (P2P),#B91C1C,#FFFFFF,#EF4444,#FFFFFF,#2563EB,#FFFFFF,#FEF2F2,#450A0A,#FFFFFF,#450A0A,#F0EDEE,#64748B,#FECACA,#DC2626,#FFFFFF,#B91C1C,buy ecommerce retail sell shopping store,Marketplace red + teal CTA
46,Logistics/Delivery,#2563EB,#FFFFFF,#3B82F6,#FFFFFF,#EA580C,#0F172A,#FFFFFF,#1E40AF,#FFFFFF,#1E40AF,#E9EFF8,#64748B,#E5E5E5,#DC2626,#FFFFFF,#2563EB,chain courier delivery logistics shipping supply transport,Tracking blue + delivery orange [Accent adjusted from #F97316 for WCAG 3:1]; bg neutralized
47,Agriculture/Farm Tech,#15803D,#FFFFFF,#22C55E,#0F172A,#A16207,#FFFFFF,#FAFAFA,#14532D,#FFFFFF,#14532D,#E8F0F1,#64748B,#BBF7D0,#DC2626,#FFFFFF,#15803D,crop farm farming harvest plant,Earth green + harvest gold [Accent adjusted from #CA8A04 for WCAG 3:1]; bg neutralized
48,Construction/Architecture,#627188,#FFFFFF,#94A3B8,#0F172A,#15803D,#FFFFFF,#F5F5F5,#334155,#FFFFFF,#334155,#EBEBEB,#64748B,#E0E0E0,#DC2626,#FFFFFF,#64748B,architecture building construction design engineering interior project site,Industrial grey + safety orange [Accent adjusted from #F97316 for WCAG 3:1]
49,Automotive/Car Dealership,#2D3E59,#FFFFFF,#334155,#FFFFFF,#DC2626,#FFFFFF,#FFFFFF,#0F172A,#FFFFFF,#0F172A,#E9EDF1,#64748B,#E2E8F0,#DC2626,#FFFFFF,#2D3E59,auto automotive car driving motor vehicle,Premium dark + action red
50,Photography Studio,#3E3E59,#FFFFFF,#27272A,#FFFFFF,#F8FAFC,#0F172A,#000000,#FAFAFA,#0C0C0C,#FAFAFA,#2C2C2C,#94A3B8,#3F3F46,#EF4444,#FFFFFF,#3E3E59,camera capture image photo picture,Pure black + white contrast
51,Coworking Space,#A16806,#FFFFFF,#FBBF24,#0F172A,#2563EB,#FFFFFF,#FFFBEB,#78350F,#FFFFFF,#78350F,#F1F2EF,#64748B,#FDE68A,#DC2626,#FFFFFF,#F59E0B,coworking shared workspace office community collaborative hotdesk,Energetic amber + booking blue
52,Home Services (Plumber/Electrician),#1E40AF,#FFFFFF,#3B82F6,#FFFFFF,#EA580C,#0F172A,#FFFFFF,#1E3A8A,#FFFFFF,#1E3A8A,#E9EEF6,#64748B,#BFDBFE,#DC2626,#FFFFFF,#1E40AF,plumber electrician repair handyman maintenance home service fix,Professional blue + urgent orange [Accent adjusted from #F97316 for WCAG 3:1]; bg neutralized
53,Childcare/Daycare,#D81079,#FFFFFF,#FBCFE8,#0F172A,#2563EB,#FFFFFF,#FDF2F8,#9D174D,#FFFFFF,#9D174D,#F1F0F6,#64748B,#FCE7F3,#DC2626,#FFFFFF,#F472B6,child children daycare kids nursery preschool toddler,Playful pink + cheerful yellow
54,Senior Care/Elderly,#0369A1,#FFFFFF,#38BDF8,#0F172A,#CA8A04,#0F172A,#FFFFFF,#0C4A6E,#FFFFFF,#0C4A6E,#E7EFF5,#64748B,#E0F2FE,#DC2626,#FFFFFF,#0369A1,aging care elderly retirement senior,Calm blue + warm amber; bg neutralized
55,Medical Clinic,#077E9B,#FFFFFF,#22D3EE,#0F172A,#0D9488,#0F172A,#FAFAFA,#134E4A,#FFFFFF,#134E4A,#E8F1F6,#64748B,#E5E5E5,#DC2626,#FFFFFF,#0891B2,clinic doctor health healthcare hospital wellness,Medical teal + health green [Accent adjusted from #22C55E for WCAG 3:1]; bg neutralized
56,Pharmacy/Drug Store,#15803D,#FFFFFF,#22C55E,#0F172A,#0369A1,#FFFFFF,#FAFAFA,#14532D,#FFFFFF,#14532D,#E8F0F1,#64748B,#BBF7D0,#DC2626,#FFFFFF,#15803D,drug medication medicine prescription,Pharmacy green + trust blue; bg neutralized
57,Dental Practice,#0A7EB3,#FFFFFF,#38BDF8,#0F172A,#A16207,#FFFFFF,#FFFFFF,#0C4A6E,#FFFFFF,#0C4A6E,#E8F2F8,#64748B,#BAE6FD,#DC2626,#FFFFFF,#0EA5E9,clinic dentist oral teeth,Fresh blue + smile yellow [Accent adjusted from #FBBF24 for WCAG 3:1]; bg neutralized
58,Veterinary Clinic,#0B8177,#FFFFFF,#14B8A6,#0F172A,#0891B2,#0F172A,#FAFAFA,#134E4A,#FFFFFF,#134E4A,#E8F1F4,#64748B,#E5E5E5,#DC2626,#FFFFFF,#0D9488,animal clinic pet vet,Caring teal + warm orange [Accent adjusted from #F97316 for WCAG 3:1]; bg neutralized
59,Florist/Plant Shop,#15803D,#FFFFFF,#22C55E,#0F172A,#15803D,#FFFFFF,#F0FDF4,#14532D,#FFFFFF,#14532D,#E8F0F1,#64748B,#BBF7D0,#DC2626,#FFFFFF,#15803D,bouquet floral flower garden green nature plant,Natural green + floral pink
60,Bakery/Cafe,#92400E,#FFFFFF,#B45309,#FFFFFF,#047857,#FFFFFF,#FAFAF9,#2A211C,#FFFFFF,#2A211C,#F2F0EC,#6B625A,#9F7A62,#DC2626,#FFFFFF,#92400E,bakery baking bread cafe cake coffee pastry restaurant,Warm bakery brown + sage accent; neutral stone background
61,Brewery/Winery,#7C2D12,#FFFFFF,#B91C1C,#FFFFFF,#A16207,#FFFFFF,#FEF2F2,#450A0A,#FFFFFF,#450A0A,#ECEDF0,#64748B,#FECACA,#DC2626,#FFFFFF,#7C2D12,alcohol beer brewery craft drink vineyard wine winery,Deep burgundy + craft gold [Accent adjusted from #CA8A04 for WCAG 3:1]
62,Airline,#1E3A8A,#FFFFFF,#3B82F6,#FFFFFF,#CA8A04,#0F172A,#FFFFFF,#1E40AF,#FFFFFF,#1E40AF,#E9EEF5,#64748B,#BFDBFE,#DC2626,#FFFFFF,#1E3A8A,airplane airport aviation flight,Sky blue + booking orange [Accent adjusted from #F97316 for WCAG 3:1]; bg neutralized
63,News/Media Platform,#DA2323,#FFFFFF,#EF4444,#FFFFFF,#027CBA,#FFFFFF,#FEF2F2,#450A0A,#FFFFFF,#450A0A,#F0EDF1,#64748B,#E5E5E5,#DC2626,#FFFFFF,#DC2626,article current journalism media press,Breaking red + link blue
64,Magazine/Blog,#3E3E59,#FFFFFF,#3F3F46,#FFFFFF,#EC4899,#09090B,#FAFAFA,#09090B,#FFFFFF,#09090B,#E8ECF0,#64748B,#E4E4E7,#DC2626,#FFFFFF,#3E3E59,blog content editorial magazine media publication writing,Editorial black + accent pink
65,Freelancer Platform,#B45309,#FFFFFF,#D97706,#0F172A,#0891B2,#0F172A,#FFFFFF,#78350F,#FFFBEB,#78350F,#F3EFE8,#64748B,#E5E5E5,#DC2626,#FFFFFF,#B45309,contractor freelance gig independent remote,Craft amber + teal CTA [bg neutralized from #FFFBEB; cream moved to Card surface]
66,Event Management,#D32371,#FFFFFF,#F472B6,#0F172A,#7C3AED,#FFFFFF,#FDF2F8,#831843,#FFFFFF,#831843,#F0EDF4,#64748B,#FBCFE8,#DC2626,#FFFFFF,#DB2777,events conference meetup planning tickets calendar venue,Festive rose + violet accent
67,Membership/Community,#0369A1,#FFFFFF,#0EA5E9,#0F172A,#D97706,#0F172A,#FFFFFF,#0C4A6E,#FFFFFF,#0C4A6E,#E7EFF5,#64748B,#BAE6FD,#DC2626,#FFFFFF,#0369A1,access club community forum group membership network social subscription,Community sky blue + warm gold; bg neutralized
68,Newsletter Platform,#0369A1,#FFFFFF,#0EA5E9,#0F172A,#059669,#0F172A,#FFFFFF,#0C4A6E,#FFFFFF,#0C4A6E,#E7EFF5,#64748B,#E5E5E5,#DC2626,#FFFFFF,#0369A1,content email subscription update,Trust blue + subscribe orange [Accent adjusted from #F97316 for WCAG 3:1]; bg neutralized
69,Digital Products/Downloads,#04875F,#FFFFFF,#10B981,#0F172A,#7C3AED,#FFFFFF,#FFFFFF,#064E3B,#FFFFFF,#064E3B,#E8F1F3,#64748B,#A7F3D0,#DC2626,#FFFFFF,#059669,digital download template asset marketplace resource,Digital emerald + discovery pink; bg neutralized
70,Church/Religious Organization,#7F1D1D,#FFFFFF,#991B1B,#FFFFFF,#A16207,#FFFFFF,#FEF2F2,#450A0A,#FFFFFF,#450A0A,#F0EDEE,#64748B,#FECACA,#DC2626,#FFFFFF,#7F1D1D,church faith prayer religious spiritual worship,Sacred crimson + spiritual gold
71,Sports Team/Club,#DA2323,#FFFFFF,#EF4444,#FFFFFF,#92400E,#FFFFFF,#FEF2F2,#7F1D1D,#FFFFFF,#7F1D1D,#F0EDF1,#64748B,#FECACA,#DC2626,#FFFFFF,#DC2626,athletic exercise fitness gym team workout,Team red + championship gold [Accent adjusted from #FBBF24 for WCAG 3:1]
72,Museum/Gallery,#3E3E59,#FFFFFF,#27272A,#FFFFFF,#D4AF37,#0F172A,#FAFAFA,#09090B,#FFFFFF,#09090B,#E8ECF0,#64748B,#E4E4E7,#DC2626,#FFFFFF,#3E3E59,art creative culture exhibition gallery heritage museum,Gallery black + white space [Accent adjusted from #F8FAFC for WCAG 3:1]
73,Theater/Cinema,#242059,#FFFFFF,#312E81,#FFFFFF,#CA8A04,#0F172A,#0F0F23,#F8FAFC,#1B1B30,#F8FAFC,#31314A,#94A3B8,#4338CA,#EF4444,#FFFFFF,#242059,cinema film movie performance show stage theater,Dramatic dark + spotlight gold
74,Language Learning App,#0B8177,#FFFFFF,#14B8A6,#0F172A,#BE123C,#FFFFFF,#FAFAFA,#134E4A,#FFFFFF,#134E4A,#E8F1F4,#64748B,#99F6E4,#DC2626,#FFFFFF,#0D9488,education educational international learn multilingual school speak study teaching translate,International teal + highlight yellow; bg neutralized
75,Coding Bootcamp,#203159,#FFFFFF,#1E293B,#FFFFFF,#16A34A,#0F172A,#020617,#F8FAFC,#0E1223,#F8FAFC,#282E48,#94A3B8,#354358,#EF4444,#FFFFFF,#203159,code developer engineer programming software,Dark bg + code cyan
76,Cybersecurity Platform,#00FF41,#0F172A,#0D0D0D,#FFFFFF,#FF3333,#0F172A,#000000,#E0E0E0,#0C130E,#E0E0E0,#2C2C2C,#94A3B8,#404040,#EF4444,#FFFFFF,#00FF41,hacking privacy protection security,Matrix green + alert red
77,Developer Tool / IDE,#2D3E59,#FFFFFF,#334155,#FFFFFF,#06B6D4,#0F172A,#0F172A,#F8FAFC,#1B2336,#F8FAFC,#2E374D,#94A3B8,#475569,#EF4444,#FFFFFF,#2D3E59,code coding dev engineer programming software,Dark bg + dev cyan
78,Biotech / Life Sciences,#0A7EB3,#FFFFFF,#027CBA,#FFFFFF,#7C3AED,#FFFFFF,#FFFFFF,#0C4A6E,#FFFFFF,#0C4A6E,#E8F2F8,#64748B,#BAE6FD,#DC2626,#FFFFFF,#0EA5E9,biology lab life research science,Cyan + lab purple; bg neutralized
79,Space Tech / Aerospace,#B8D6F5,#0F172A,#94A3B8,#0F172A,#3B82F6,#0F172A,#0B0B10,#F8FAFC,#1E1E23,#F8FAFC,#303037,#94A3B8,#334564,#EF4444,#FFFFFF,#B8D6F5,aerospace rocket satellite,Star white + launch blue
80,Architecture / Interior,#3E4759,#FFFFFF,#404040,#FFFFFF,#A16207,#FFFFFF,#FFFFFF,#171717,#FFFFFF,#171717,#E8ECF0,#64748B,#E5E5E5,#DC2626,#FFFFFF,#3E4759,architecture building construction decoration design home interior room,Minimal black + accent gold [Accent adjusted from #D4AF37 for WCAG 3:1]
81,Quantum Computing Interface,#00FFFF,#0F172A,#6196FF,#0F172A,#D4A017,#0F172A,#050510,#E0E0FF,#101823,#E0E0FF,#2D2D3E,#94A3B8,#404055,#EF4444,#FFFFFF,#00FFFF,quantum computing science research simulation algorithm,Quantum cyan + interference purple
82,Biohacking / Longevity App,#E30000,#FFFFFF,#F28F49,#0F172A,#059669,#1C1C1E,#F5F5F7,#1C1C1E,#FFFFFF,#1C1C1E,#F2EEF2,#64748B,#E5E5EA,#DC2626,#FFFFFF,#FF4D4D,biohacking longevity health optimization wellness science bio,Bio red/blue + vitality green [Accent adjusted from #00E676 for WCAG 3:1]
83,Autonomous Drone Fleet Manager,#00FF41,#0F172A,#008F11,#FFFFFF,#FF3333,#0F172A,#0D1117,#E6EDF3,#182424,#E6EDF3,#2F343C,#94A3B8,#404851,#EF4444,#FFFFFF,#00FF41,drone fleet autonomous aerial management robotics,Terminal green + alert red
84,Generative Art Platform,#3E3E59,#FFFFFF,#3F3F46,#FFFFFF,#EC4899,#09090B,#FAFAFA,#09090B,#FFFFFF,#09090B,#E8ECF0,#64748B,#E4E4E7,#DC2626,#FFFFFF,#3E3E59,generative art creative algorithm procedural artistic,Canvas neutral + creative pink
85,Spatial Computing OS / App,#CCE6FF,#0F172A,#E5E5E5,#0F172A,#0369A1,#FFFFFF,#888888,#000000,#999999,#000000,#777777,#D4D4D4,#CCCCCC,#FF3B30,#FFFFFF,#CCE6FF,spatial computing vr ar mixed reality 3d immersive,Glass white + system blue [Accent adjusted from #007AFF for WCAG 3:1]
86,Sustainable Energy / Climate Tech,#04875F,#FFFFFF,#10B981,#0F172A,#FBBF24,#0F172A,#FFFFFF,#064E3B,#FFFFFF,#064E3B,#E8F1F3,#64748B,#A7F3D0,#DC2626,#FFFFFF,#059669,clean climate eco energy green power solar sustainable,Nature green + solar gold [Accent adjusted from #FBBF24 for WCAG 3:1]; bg neutralized
87,Personal Finance Tracker,#1E40AF,#FFFFFF,#3B82F6,#FFFFFF,#D97706,#0F172A,#0F172A,#FFFFFF,#192134,#FFFFFF,#21356B,#94A3B8,#3D4A6A,#DC2626,#FFFFFF,#1E40AF,bank banking financial fintech money,Professional blue + finance amber
88,Chat & Messaging App,#2563EB,#FFFFFF,#6164F1,#FFFFFF,#0D9488,#0F172A,#FFFFFF,#0F172A,#FFFFFF,#0F172A,#F1F5FD,#64748B,#E4ECFC,#DC2626,#FFFFFF,#2563EB,chat messaging communication instant message conversation,Professional blue + social pink
89,Notes & Writing App,#78675A,#FFFFFF,#A8A29E,#FFFFFF,#D97706,#0F172A,#FFFFFF,#0F172A,#FFFBEB,#0F172A,#F6F6F6,#64748B,#EEEDED,#DC2626,#FFFFFF,#78675A,diary journal memo notebook writing,Warm ink + amber accent on cream [bg neutralized from #FFFBEB; cream moved to Card surface]
90,Habit Tracker,#B36204,#FFFFFF,#F59E0B,#0F172A,#6164F1,#FFFFFF,#FFFFFF,#0F172A,#FFFBEB,#0F172A,#FCF6F0,#64748B,#FAEEE1,#DC2626,#FFFFFF,#D97706,daily discipline goal routine tracker,Amber + focus blue [bg neutralized from #FFFBEB; cream moved to Card surface]
91,Food Delivery / On-Demand,#C64A0A,#FFFFFF,#F97316,#FFFFFF,#2563EB,#FFFFFF,#FFF7ED,#0F172A,#FFFFFF,#0F172A,#FDF4F0,#64748B,#FCEAE1,#DC2626,#FFFFFF,#EA580C,cooking courier cuisine dining eat logistics meal recipe restaurant shipping transport,Appetizing orange + trust blue
92,Ride Hailing / Transportation,#2D3E59,#FFFFFF,#334155,#FFFFFF,#2563EB,#FFFFFF,#0F172A,#FFFFFF,#192134,#FFFFFF,#243661,#94A3B8,#3D4A6A,#DC2626,#FFFFFF,#2D3E59,ride hailing taxi cab transportation sharing uber,Map dark + route blue
93,Recipe & Cooking App,#9A3412,#FFFFFF,#C2410C,#FFFFFF,#0891B2,#0F172A,#FFFBEB,#0F172A,#FFFFFF,#0F172A,#F8F2F0,#64748B,#F2E6E2,#DC2626,#FFFFFF,#9A3412,chef cooking cuisine food kitchen meal recipe,Warm brown + fresh teal
94,Meditation & Mindfulness,#155E75,#FFFFFF,#0891B2,#0F172A,#D97706,#0F172A,#FFFFFF,#164E63,#FFFFFF,#164E63,#E7F0F4,#64748B,#A5F3FC,#DC2626,#FFFFFF,#155E75,calm mindfulness peaceful relax zen,Deep ocean + warm amber glow; bg neutralized
95,Weather App,#027CBA,#FFFFFF,#0EA5E9,#FFFFFF,#8655F6,#FFFFFF,#FFFFFF,#0F172A,#FFFFFF,#0F172A,#EFF7FB,#64748B,#E0F0F8,#DC2626,#FFFFFF,#027CBA,weather forecast climate temperature rain sun,Sky blue + sun amber; bg neutralized
96,Diary & Journal App,#92400E,#FFFFFF,#A16207,#FFFFFF,#027CBA,#FFFFFF,#FFFBEB,#0F172A,#FFFFFF,#0F172A,#F8F3F0,#64748B,#F1E8E2,#DC2626,#FFFFFF,#92400E,daily diary journal notes personal writing,Warm journal brown + ink violet
97,CRM & Client Management,#2563EB,#FFFFFF,#3B82F6,#FFFFFF,#D97706,#0F172A,#FAFAF9,#0F172A,#FFFFFF,#0F172A,#F2F0EC,#64748B,#E3E2DE,#DC2626,#FFFFFF,#2563EB,client customer management relation sales,Professional blue + deal amber
98,Inventory & Stock Management,#334155,#FFFFFF,#475569,#FFFFFF,#2563EB,#FFFFFF,#F5F5F5,#0F172A,#FFFFFF,#0F172A,#EBEBEB,#64748B,#E0E0E0,#DC2626,#FFFFFF,#334155,management stock supply warehouse,Industrial slate + stock amber
99,Flashcard & Study Tool,#1E3A8A,#FFFFFF,#3B82F6,#FFFFFF,#0D9488,#0F172A,#FFFFFF,#1E40AF,#FFFFFF,#1E40AF,#E9EEF5,#64748B,#E5E5E5,#DC2626,#FFFFFF,#1E3A8A,academic education exam flashcard learning memory quiz school study,Academic navy + flashcard yellow; bg neutralized
100,Booking & Appointment App,#0369A1,#FFFFFF,#0EA5E9,#FFFFFF,#15803D,#FFFFFF,#FFFFFF,#0F172A,#FFFFFF,#0F172A,#EFF7FB,#64748B,#E0F0F8,#DC2626,#FFFFFF,#0369A1,appointment reservation schedule,Blue + green accent [Primary/Accent darkened for WCAG]; bg neutralized
101,Invoice & Billing Tool,#1E3A5F,#FFFFFF,#2563EB,#FFFFFF,#D97706,#0F172A,#FAFAF9,#0F172A,#FFFFFF,#0F172A,#F2F0EC,#64748B,#E3E2DE,#DC2626,#FFFFFF,#1E3A5F,billing charge payment receipt,Dark blue + invoice amber
102,Grocery & Shopping List,#04875F,#FFFFFF,#10B981,#FFFFFF,#1E40AF,#FFFFFF,#FFFFFF,#0F172A,#FFFFFF,#0F172A,#F0F8F6,#64748B,#E1F2ED,#DC2626,#FFFFFF,#059669,buy ecommerce food list mall market retail shop shopping store supermarket,Fresh green + food amber; bg neutralized
103,Timer & Pomodoro,#DC2626,#FFFFFF,#EF4444,#FFFFFF,#2563EB,#FFFFFF,#0F172A,#FFFFFF,#192134,#FFFFFF,#403154,#94A3B8,#3D4A6A,#DC2626,#FFFFFF,#DC2626,clock countdown focus pomodoro productivity,Energy red + focus blue
104,Parenting & Baby Tracker,#D71676,#FFFFFF,#F472B6,#FFFFFF,#027CBA,#FFFFFF,#FDF2F8,#0F172A,#FFFFFF,#0F172A,#FDF4F8,#64748B,#FCE9F2,#DC2626,#FFFFFF,#EC4899,baby child family infant newborn parent parenting toddler,Soft pink + trust blue
105,Scanner & Document Manager,#2D3E59,#FFFFFF,#334155,#FFFFFF,#2563EB,#FFFFFF,#FFFFFF,#0F172A,#FFFFFF,#0F172A,#F1F2F3,#64748B,#E4E5E7,#DC2626,#FFFFFF,#2D3E59,document ocr paperless scan,Document grey + scan blue
106,Calendar & Scheduling App,#2563EB,#FFFFFF,#3B82F6,#FFFFFF,#EA580C,#0F172A,#FFFFFF,#0F172A,#FFFFFF,#0F172A,#F1F5FD,#64748B,#E4ECFC,#DC2626,#FFFFFF,#2563EB,agenda organizing planner schedule,Blue + urgency orange
107,Password Manager,#1E3A5F,#FFFFFF,#334155,#FFFFFF,#027CBA,#FFFFFF,#0F172A,#FFFFFF,#192134,#FFFFFF,#223663,#94A3B8,#3D4A6A,#DC2626,#FFFFFF,#1E3A5F,access credential login safe security,Dark blue + security teal
108,Expense Splitter / Bill Split,#04845D,#FFFFFF,#10B981,#FFFFFF,#DC2626,#FFFFFF,#FAFAF9,#0F172A,#FFFFFF,#0F172A,#F2F0EC,#64748B,#E3E2DE,#DC2626,#FFFFFF,#059669,bill money payment share split splitter,Balance green + owe red
109,Voice Recorder & Memo,#DC2626,#FFFFFF,#EF4444,#FFFFFF,#2563EB,#FFFFFF,#FFFFFF,#0F172A,#FFFFFF,#0F172A,#FCF1F1,#64748B,#FAE4E4,#DC2626,#FFFFFF,#DC2626,audio recording sound speech,Recording red + waveform blue
110,Bookmark & Read-Later,#AF6004,#FFFFFF,#F59E0B,#0F172A,#2563EB,#FFFFFF,#FFFBEB,#0F172A,#FFFFFF,#0F172A,#FCF6F0,#64748B,#FAEEE1,#DC2626,#FFFFFF,#D97706,article link read-later save,Warm amber + link blue
111,Translator App,#2563EB,#FFFFFF,#0891B2,#FFFFFF,#EA580C,#0F172A,#FFFFFF,#0F172A,#FFFFFF,#0F172A,#F1F5FD,#64748B,#E4ECFC,#DC2626,#FFFFFF,#2563EB,interpret language multilingual translation,Global blue + teal + accent orange
112,Calculator & Unit Converter,#EA580C,#0F172A,#F97316,#FFFFFF,#0891B2,#0F172A,#1C1917,#FFFFFF,#262321,#FFFFFF,#4C3426,#94A3B8,#504B47,#DC2626,#FFFFFF,#EA580C,compute converter math,Operation orange on dark
113,Alarm & World Clock,#D97706,#0F172A,#F59E0B,#0F172A,#6164F1,#FFFFFF,#0F172A,#FFFFFF,#192134,#FFFFFF,#383647,#94A3B8,#3D4A6A,#DC2626,#FFFFFF,#D97706,alert clock reminder time wake,Time amber + night indigo on dark
114,File Manager & Transfer,#2563EB,#FFFFFF,#3B82F6,#FFFFFF,#D97706,#0F172A,#F5F5F5,#0F172A,#FFFFFF,#0F172A,#EBEBEB,#64748B,#E0E0E0,#DC2626,#FFFFFF,#2563EB,document manager storage transfer,Folder blue + file amber
115,Email Client,#2563EB,#FFFFFF,#3B82F6,#FFFFFF,#2563EB,#FFFFFF,#FFFFFF,#0F172A,#FFFFFF,#0F172A,#F1F5FD,#64748B,#E4ECFC,#DC2626,#FFFFFF,#2563EB,communication inbox mail message,Inbox blue + priority red
116,Casual Puzzle Game,#D71676,#FFFFFF,#DC55F6,#0F172A,#F59E0B,#0F172A,#FDF2F8,#0F172A,#FFFFFF,#0F172A,#FDF4F8,#64748B,#FCE9F2,#DC2626,#FFFFFF,#EC4899,arcade brain challenge easy entertainment fun game gaming light play puzzle relaxed simple trivia,Cheerful pink + reward gold
117,Trivia & Quiz Game,#2563EB,#FFFFFF,#7C3AED,#FFFFFF,#16A34A,#0F172A,#EFF6FF,#0F172A,#FFFFFF,#0F172A,#F1F5FD,#64748B,#E4ECFC,#DC2626,#FFFFFF,#2563EB,answer arcade entertainment fun gaming knowledge play puzzle question quiz,Quiz blue + gold leaderboard
118,Card & Board Game,#15803D,#FFFFFF,#166534,#FFFFFF,#7C3AED,#FFFFFF,#0F172A,#FFFFFF,#192134,#FFFFFF,#1C3A51,#94A3B8,#3D4A6A,#DC2626,#FFFFFF,#15803D,arcade board classic entertainment fun gaming play puzzle strategy table,Felt green + gold on dark
119,Idle & Clicker Game,#AF6004,#FFFFFF,#F59E0B,#0F172A,#7C3AED,#FFFFFF,#FFFBEB,#0F172A,#FFFFFF,#0F172A,#FCF6F0,#64748B,#FAEEE1,#DC2626,#FFFFFF,#D97706,arcade clicker entertainment fun gaming incremental play puzzle simple tap,Coin gold + prestige purple
120,Word & Crossword Game,#15803D,#FFFFFF,#059669,#FFFFFF,#D97706,#0F172A,#FFFFFF,#0F172A,#FFFFFF,#0F172A,#F0F7F3,#64748B,#E2EFE7,#DC2626,#FFFFFF,#15803D,arcade crossword entertainment fun gaming play puzzle spell text vocabulary,Word green + letter amber
121,Arcade & Retro Game,#DC2626,#FFFFFF,#F29C24,#0F172A,#BE123C,#FFFFFF,#0F172A,#FFFFFF,#192134,#FFFFFF,#403154,#94A3B8,#3D4A6A,#DC2626,#FFFFFF,#DC2626,arcade classic entertainment fun gaming nostalgic pixel play puzzle retro,Arcade red + retro yellow
122,Photo Editor & Filters,#7C3AED,#FFFFFF,#6164F1,#FFFFFF,#16A34A,#0F172A,#0F172A,#FFFFFF,#192134,#FFFFFF,#2D3170,#94A3B8,#3D4A6A,#DC2626,#FFFFFF,#7C3AED,camera capture image photography picture,Editor violet + filter cyan on dark
123,Short Video Editor,#EC4899,#0F172A,#DB2777,#FFFFFF,#2563EB,#FFFFFF,#0F172A,#FFFFFF,#192134,#FFFFFF,#3C315E,#94A3B8,#3D4A6A,#DC2626,#FFFFFF,#EC4899,clip film movie recording streaming,Video pink on dark + timeline blue
124,Drawing & Sketching Canvas,#7C3AED,#FFFFFF,#8655F6,#FFFFFF,#0891B2,#0F172A,#1C1917,#FFFFFF,#262321,#FFFFFF,#43344D,#94A3B8,#504B47,#DC2626,#FFFFFF,#7C3AED,art canvas doodle illustration sketching,Canvas purple + tool teal on dark
125,Music Creation & Beat Maker,#7C3AED,#FFFFFF,#6164F1,#FFFFFF,#EC4899,#0F172A,#0F172A,#FFFFFF,#192134,#FFFFFF,#2D3170,#94A3B8,#3D4A6A,#DC2626,#FFFFFF,#7C3AED,audio instrument melody rhythm song sound,Creative purple + expression pink
126,Meme & Sticker Maker,#E2177C,#FFFFFF,#F5340B,#0F172A,#2563EB,#FFFFFF,#FFFFFF,#0F172A,#FFFFFF,#0F172A,#FDF4F8,#64748B,#FCE9F2,#DC2626,#FFFFFF,#EC4899,comedy creative emoji fun funny humor meme sticker viral,Viral pink + comedy yellow + share blue
127,AI Photo & Avatar Generator,#077E9B,#FFFFFF,#22D3EE,#0F172A,#EC4899,#0F172A,#ECFEFF,#164E63,#FFFFFF,#164E63,#E8F1F6,#64748B,#A5F3FC,#DC2626,#FFFFFF,#0891B2,camera capture character face image photography picture portrait selfie,Creative cyan + generation pink
128,Link-in-Bio Page Builder,#2563EB,#FFFFFF,#7C3AED,#FFFFFF,#EC4899,#0F172A,#FFFFFF,#0F172A,#FFFFFF,#0F172A,#F1F5FD,#64748B,#E4ECFC,#DC2626,#FFFFFF,#2563EB,link bio social profile page builder portfolio,Brand blue + creator purple
129,Wardrobe & Outfit Planner,#BE185D,#FFFFFF,#EC4899,#FFFFFF,#D97706,#0F172A,#FDF2F8,#0F172A,#FFFFFF,#0F172A,#FBF1F5,#64748B,#F7E3EB,#DC2626,#FFFFFF,#BE185D,clothing dress fashion outfit style wardrobe,Fashion rose + gold accent
130,Plant Care Tracker,#15803D,#FFFFFF,#059669,#FFFFFF,#DB2777,#FFFFFF,#FAFAFA,#0F172A,#FFFFFF,#0F172A,#F0F7F3,#64748B,#E2EFE7,#DC2626,#FFFFFF,#15803D,floral flower garden green nature,Nature green + sun yellow; bg neutralized
131,Book & Reading Tracker,#78675A,#FFFFFF,#92400E,#FFFFFF,#15803D,#FFFFFF,#FFFFFF,#0F172A,#FFFBEB,#0F172A,#F6F6F6,#64748B,#EEEDED,#DC2626,#FFFFFF,#78675A,book library literature novel reading,Book brown + page amber [bg neutralized from #FFFBEB; cream moved to Card surface]
132,Couple & Relationship App,#BE185D,#FFFFFF,#EC4899,#FFFFFF,#6164F1,#FFFFFF,#FDF2F8,#0F172A,#FFFFFF,#0F172A,#FBF1F5,#64748B,#F7E3EB,#DC2626,#FFFFFF,#BE185D,love partner relationship romance,Romance rose + love red
133,Family Calendar & Chores,#2563EB,#FFFFFF,#059669,#FFFFFF,#D97706,#0F172A,#FFFEFB,#0F172A,#FFFFFF,#0F172A,#F2F0EC,#64748B,#E3E2DE,#DC2626,#FFFFFF,#2563EB,agenda child group home household organizing parent planner schedule,Family blue + chore green
134,Mood Tracker,#BE185D,#FFFFFF,#EC4899,#0F172A,#0891B2,#0F172A,#FDF2F8,#831843,#FFFFFF,#831843,#FBF1F5,#64748B,#F7E3EB,#DC2626,#FFFFFF,#BE185D,emotion feeling health mental wellbeing,Emotional rose + insight amber
135,Gift & Wishlist,#DA2323,#FFFFFF,#D97706,#FFFFFF,#8655F6,#FFFFFF,#FFF1F2,#0F172A,#FFFFFF,#0F172A,#FCF1F1,#64748B,#FAE4E4,#DC2626,#FFFFFF,#DC2626,buy present shopping surprise wishlist,Gift red + gold + surprise pink
136,Running & Cycling GPS,#EA580C,#0F172A,#F97316,#FFFFFF,#059669,#0F172A,#0F172A,#FFFFFF,#192134,#FFFFFF,#3C3549,#94A3B8,#3D4A6A,#DC2626,#FFFFFF,#EA580C,cycling exercise gps jog marathon outdoor,Energetic orange + pace green on dark
137,Yoga & Stretching Guide,#5A6680,#FFFFFF,#706C78,#FFFFFF,#0891B2,#0F172A,#F5F5F0,#0F172A,#FFFFFF,#0F172A,#F6F6F7,#64748B,#EDEEEF,#DC2626,#FFFFFF,#5A6680,exercise flexibility mindful stretching wellness,Sage neutral + calm teal
138,Sleep Tracker,#4338CA,#FFFFFF,#6164F1,#FFFFFF,#7C3AED,#FFFFFF,#0F172A,#FFFFFF,#192134,#FFFFFF,#26326D,#94A3B8,#3D4A6A,#DC2626,#FFFFFF,#4338CA,bedtime insomnia night rest,Night indigo + dream violet on dark
139,Calorie & Nutrition Counter,#04875F,#FFFFFF,#10B981,#FFFFFF,#EA580C,#0F172A,#FFFFFF,#0F172A,#FFFFFF,#0F172A,#F0F8F6,#64748B,#E1F2ED,#DC2626,#FFFFFF,#059669,counter diet food health nutrition,Healthy green + macro orange; bg neutralized
140,Period & Cycle Tracker,#BE185D,#FFFFFF,#EC4899,#FFFFFF,#059669,#0F172A,#FDF2F8,#0F172A,#FFFFFF,#0F172A,#FBF1F5,#64748B,#F7E3EB,#DC2626,#FFFFFF,#BE185D,cycle health menstrual tracker women,Blush rose + fertility lavender
141,Medication & Pill Reminder,#027CBA,#FFFFFF,#0891B2,#FFFFFF,#DC2626,#FFFFFF,#FFFFFF,#0F172A,#FFFFFF,#0F172A,#EFF7FB,#64748B,#E0F0F8,#DC2626,#FFFFFF,#027CBA,drug medicine pharmacy pill prescription,Medical blue + alert red; bg neutralized
142,Water & Hydration Reminder,#027CBA,#FFFFFF,#06B6D4,#FFFFFF,#0891B2,#0F172A,#FFFFFF,#0F172A,#FFFFFF,#0F172A,#EFF7FB,#64748B,#E0F0F8,#DC2626,#FFFFFF,#027CBA,drink health hydration reminder,Refreshing blue + water cyan; bg neutralized
143,Fasting & Intermittent Timer,#334155,#FFFFFF,#475569,#FFFFFF,#059669,#0F172A,#0F172A,#FFFFFF,#192134,#FFFFFF,#26365E,#94A3B8,#3D4A6A,#DC2626,#FFFFFF,#334155,clock countdown diet focus health intermittent pomodoro productivity timer,Focused slate on dark + eating green
144,Anonymous Community / Confession,#475569,#FFFFFF,#334155,#FFFFFF,#0891B2,#0F172A,#0F172A,#FFFFFF,#192134,#FFFFFF,#26365E,#94A3B8,#3D4A6A,#DC2626,#FFFFFF,#475569,confession forum group membership network private secret social whisper,Protective grey + subtle teal on dark
145,Local Events & Discovery,#C64A0A,#FFFFFF,#F97316,#FFFFFF,#2563EB,#FFFFFF,#FFF7ED,#0F172A,#FFFFFF,#0F172A,#FDF4F0,#64748B,#FCEAE1,#DC2626,#FFFFFF,#EA580C,discovery events nearby neighborhood,Event orange + map blue
146,Study Together / Virtual Coworking,#2563EB,#FFFFFF,#3B82F6,#FFFFFF,#F59E0B,#0F172A,#FAF9F5,#0F172A,#FFFFFF,#0F172A,#F2F0EC,#64748B,#E3E2DE,#DC2626,#FFFFFF,#2563EB,academic education exam flashcard learning office school shared space workspace,Blue + learning yellow
147,Coding Challenge & Practice,#22C55E,#0F172A,#059669,#FFFFFF,#7C3AED,#FFFFFF,#0F172A,#FFFFFF,#192134,#FFFFFF,#1B3C4C,#94A3B8,#3D4A6A,#DC2626,#FFFFFF,#22C55E,code developer engineer programming software,Code green + difficulty amber on dark
148,Kids Learning (ABC & Math),#2563EB,#FFFFFF,#6839E6,#FFFFFF,#16A34A,#0F172A,#FFFFFF,#0F172A,#FFFFFF,#0F172A,#F1F5FD,#64748B,#E4ECFC,#DC2626,#FFFFFF,#2563EB,child children education educational kid learn school study teaching toddler youth,Learning blue + play yellow + fun pink; bg neutralized
149,Music Instrument Learning,#DC2626,#FFFFFF,#9A3412,#FFFFFF,#D97706,#0F172A,#FFFBEB,#0F172A,#FFFFFF,#0F172A,#FCF1F1,#64748B,#FAE4E4,#DC2626,#FFFFFF,#DC2626,audio education educational instrument learn melody rhythm school song sound study teaching,Musical red + warm amber
150,Parking Finder,#2563EB,#FFFFFF,#059669,#FFFFFF,#6164F1,#FFFFFF,#FFFFFF,#0F172A,#FFFFFF,#0F172A,#F1F5FD,#64748B,#E4ECFC,#DC2626,#FFFFFF,#2563EB,car park space urban vehicle,Available blue/green + occupied red; bg neutralized
151,Public Transit Guide,#2563EB,#FFFFFF,#0891B2,#FFFFFF,#EA580C,#0F172A,#FFFFFF,#0F172A,#FFFFFF,#0F172A,#F1F5FD,#64748B,#E4ECFC,#DC2626,#FFFFFF,#2563EB,bus commute metro public subway train,Transit blue + line colors
152,Road Trip Planner,#C64A0A,#FFFFFF,#D94166,#000000,#2563EB,#FFFFFF,#FFF7ED,#0F172A,#FFFFFF,#0F172A,#FDF4F0,#64748B,#FCEAE1,#DC2626,#FFFFFF,#EA580C,car driving highway route travel trip,Adventure orange + map teal
153,VPN & Privacy Tool,#1E3A5F,#FFFFFF,#334155,#FFFFFF,#0891B2,#0F172A,#0F172A,#FFFFFF,#192134,#FFFFFF,#223663,#94A3B8,#3D4A6A,#DC2626,#FFFFFF,#1E3A5F,network privacy protection security,Dark blue + privacy teal
154,Emergency SOS & Safety,#DA2323,#FFFFFF,#EF4444,#FFFFFF,#2563EB,#FFFFFF,#FFF1F2,#0F172A,#FFFFFF,#0F172A,#FCF1F1,#64748B,#FAE4E4,#DC2626,#FFFFFF,#DC2626,alert crisis safety sos urgent,Alert red + safety blue
155,Wallpaper & Theme App,#3E3E59,#FFFFFF,#3F3F46,#FFFFFF,#2563EB,#FFFFFF,#FAFAFA,#09090B,#FFFFFF,#09090B,#E8ECF0,#64748B,#E4E4E7,#DC2626,#FFFFFF,#3E3E59,aesthetic background customize theme,Gallery black + info blue
156,White Noise & Ambient Sound,#475569,#FFFFFF,#334155,#FFFFFF,#4338CA,#FFFFFF,#0F172A,#FFFFFF,#192134,#FFFFFF,#26365E,#94A3B8,#3D4A6A,#DC2626,#FFFFFF,#475569,ambient noise relax sleep sound,Ambient grey + deep indigo on dark
157,Home Decoration & Interior Design,#78675A,#FFFFFF,#A8A29E,#FFFFFF,#D97706,#0F172A,#FAF5F2,#0F172A,#FFFFFF,#0F172A,#F6F6F6,#64748B,#EEEDED,#DC2626,#FFFFFF,#78675A,home decoration interior design furniture decor room styling,Interior warm grey + gold accent
158,Travel/Tourism Agency,#ED002B,#FFFFFF,#790467,#FFFFFF,#92400E,#FFFFFF,#FFFFFF,#222222,#FFFFFF,#222222,#F7F7F7,#64748B,#DDDDDD,#DC2626,#FFFFFF,#FF385C,advertising creative destination journey marketing promotion studio tour tourism travel trip vacation,Brand-inspired (airbnb)
159,Automotive/Car Dealership,#DA291C,#FFFFFF,#F6E500,#FFFFFF,#F6E500,#000000,#181818,#FFFFFF,#FFFFFF,#FFFFFF,#383838,#64748B,#4B4B4B,#DC2626,#FFFFFF,#DA291C,auto automotive car driving motor vehicle,Brand-inspired (ferrari)
160,AI/Chatbot Platform,#B55838,#FFFFFF,#BFAC4D,#0F172A,#5DB8A6,#000000,#FAF9F5,#141413,#FFFFFF,#141413,#F5F0E8,#64748B,#E6DFD8,#DC2626,#FFFFFF,#CC785C,ai assistant bot conversation virtual,Brand-inspired (claude)
161,Developer Tool / IDE,#CC4100,#FFFFFF,#B2A950,#0F172A,#1E8662,#FFFFFF,#F7F7F4,#26251E,#FFFFFF,#26251E,#FFFFFF,#64748B,#E6E5E0,#DC2626,#FFFFFF,#F54E00,code coding dev engineer programming software,Brand-inspired (cursor)
162,AI/Chatbot Platform,#D84004,#FFFFFF,#E63E00,#FFFFFF,#415673,#FFFFFF,#FFFFFF,#1F1F1F,#FFFFFF,#1F1F1F,#F0F0F0,#64748B,#E1E1E1,#DC2626,#FFFFFF,#FA520F,ai assistant bot conversation virtual,Brand-inspired (mistral.ai)
163,Music Streaming,#13883D,#000000,#1DB954,#000000,#1DB954,#121212,#FFFFFF,#121212,#FFFFFF,#121212,#EEEEEE,#64748B,#4D4D4D,#DC2626,#FFFFFF,#1ED760,audio instrument melody rhythm song sound,Brand-inspired (spotify)
164,Banking/Traditional Finance,#EB001B,#FFFFFF,#D70007,#FFFFFF,#293F73,#FFFFFF,#FFFFFF,#141413,#FFFFFF,#141413,#F0F0F0,#64748B,#E1E1E1,#DC2626,#FFFFFF,#EB001B,bank banking finance financial fintech money,Brand-inspired (mastercard)
165,SaaS (General),#D54200,#FFFFFF,#EB3B00,#FFFFFF,#293F73,#FFFFFF,#FFFEFB,#201515,#FFFFFF,#201515,#FFFEFB,#64748B,#E1E0DD,#DC2626,#FFFFFF,#FF4F00,cloud platform service software tool,Brand-inspired (zapier)
166,Telecom Provider,#AC1811,#FFFFFF,#767676,#FFFFFF,#767676,#FFFFFF,#FFFFFF,#25282B,#FFFFFF,#25282B,#F0F0F0,#64748B,#E60000,#DC2626,#FFFFFF,#AC1811,telecom telecommunications carrier network operator phone isp broadband cellular,Brand-inspired (vodafone)
167,Cryptocurrency Exchange,#8F7302,#FFFFFF,#79BD2D,#181A20,#2DBDB6,#000000,#FFFFFF,#181A20,#FFFFFF,#181A20,#F0F0F0,#64748B,#E1E1E1,#DC2626,#FFFFFF,#FCD535,bitcoin blockchain crypto defi web3,Brand-inspired (binance)
168,Automotive/Car Dealership,#967100,#000000,#9BDB1E,#000000,#1EAEDB,#000000,#FFFFFF,#000000,#FFFFFF,#000000,#F0F0F0,#64748B,#E1E1E1,#DC2626,#FFFFFF,#FFC000,auto automotive car driving motor vehicle,Brand-inspired (lamborghini)
169,Automotive/Car Dealership,#817800,#000000,#8DC572,#000000,#8DC572,#000000,#FFFFFF,#000000,#FFFFFF,#000000,#F0F0F0,#64748B,#D1D1D1,#DC2626,#FFFFFF,#EFDF00,auto automotive car driving motor vehicle,Brand-inspired (renault)
170,Remote Work/Collaboration Tool,#481A54,#FFFFFF,#340640,#FFFFFF,#A16207,#FFFFFF,#FFFFFF,#1D1D1D,#FFFFFF,#1D1D1D,#F9F0FF,#64748B,#E1E1E1,#DC2626,#FFFFFF,#481A54,remote work collaboration team virtual office meeting,Brand-inspired (slack)
171,AI/Chatbot Platform,#DA10AB,#000000,#DB18AD,#FFFFFF,#415673,#FFFFFF,#FFFFFF,#000000,#FFFFFF,#000000,#F0F0F0,#64748B,#E1E1E1,#DC2626,#FFFFFF,#EF2CC1,ai assistant bot conversation virtual,Brand-inspired (together.ai)
172,Social Media App,#E60023,#FFFFFF,#734B1F,#FFFFFF,#1F7347,#FFFFFF,#FFFFFF,#211922,#FFFFFF,#211922,#F0F0F0,#64748B,#C8C8C1,#DC2626,#FFFFFF,#E60023,social network community feed posts sharing,Brand-inspired (pinterest)
174,Banking/Traditional Finance,#1C1E54,#FFFFFF,#9816E4,#FFFFFF,#E41657,#FFFFFF,#FFFFFF,#061B31,#FFFFFF,#061B31,#F0F0F0,#64748B,#E5EDF5,#DC2626,#FFFFFF,#1C1E54,bank banking finance financial fintech money,Brand-inspired (stripe)
175,Cryptocurrency Exchange,#0052FF,#FFFFFF,#00F1F4,#0F172A,#F4B000,#000000,#FFFFFF,#0A0B0D,#FFFFFF,#0A0B0D,#F7F7F7,#64748B,#DEE1E6,#DC2626,#FFFFFF,#0052FF,bitcoin blockchain crypto defi web3,Brand-inspired (coinbase)
176,Developer Tool / IDE,#1E7B52,#FFFFFF,#B4B4B4,#000000,#B4B4B4,#000000,#EFEFEF,#0F0F0F,#FFFFFF,#0F0F0F,#E0E0E0,#64748B,#242424,#DC2626,#FFFFFF,#3ECF8E,code coding dev engineer programming software,Brand-inspired (supabase)
177,SaaS (General),#06802E,#FFFFFF,#0BDF50,#FFFFFF,#293F73,#FFFFFF,#F5F1EC,#111111,#FFFFFF,#111111,#FFFFFF,#64748B,#D3CEC6,#DC2626,#FFFFFF,#0BDF50,cloud platform service software tool,Brand-inspired (intercom)
178,Developer Tool / IDE,#362659,#FFFFFF,#4D6BBF,#FFFFFF,#C2EF4E,#000000,#FFFFFF,#362D59,#FFFFFF,#362D59,#E5E7EB,#64748B,#CFCFDB,#DC2626,#FFFFFF,#362659,code coding dev engineer programming software,Brand-inspired (sentry)
179,Design System/Component Library,#EA005E,#000000,#FF3D8B,#FFFFFF,#415673,#FFFFFF,#FFFFFF,#000000,#FFFFFF,#000000,#F7F7F5,#64748B,#E6E6E6,#DC2626,#FFFFFF,#FF3D8B,component kit library system ui,Brand-inspired (figma)
180,Cryptocurrency Exchange,#7132F5,#FFFFFF,#14439E,#FFFFFF,#149E61,#101114,#FFFFFF,#101114,#FFFFFF,#101114,#F0F0F0,#64748B,#DEDEE5,#DC2626,#FFFFFF,#7132F5,bitcoin blockchain crypto defi web3,Brand-inspired (kraken)
181,Gaming,#0070CC,#FFFFFF,#1900D5,#FFFFFF,#D53B00,#FFFFFF,#FFFFFF,#000000,#FFFFFF,#000000,#FFFFFF,#64748B,#F3F3F3,#DC2626,#FFFFFF,#0070CC,arcade entertainment fun game play puzzle,Brand-inspired (playstation)
182,Productivity Tool,#5E6AD2,#FFFFFF,#7A7FAD,#FFFFFF,#7A7FAD,#000000,#010102,#F7F8F8,#FFFFFF,#F7F8F8,#2A2D30,#64748B,#3D4049,#DC2626,#FFFFFF,#5E6AD2,efficiency organize task tool work,Brand-inspired (linear.app)
183,AI/Chatbot Platform,#11823B,#FFFFFF,#16A34A,#FFFFFF,#7C3AED,#FFFFFF,#F5F5F5,#0C0A09,#FFFFFF,#0C0A09,#FFFFFF,#64748B,#E7E5E4,#DC2626,#FFFFFF,#16A34A,ai assistant bot conversation virtual,Green primary + AI purple
184,Banking/Traditional Finance,#428615,#000000,#9FE870,#FFFFFF,#293F73,#FFFFFF,#FFFFFF,#0E0F0C,#FFFFFF,#0E0F0C,#E8EBE6,#64748B,#E1E1E1,#DC2626,#FFFFFF,#9FE870,bank banking finance financial fintech money,Brand-inspired (wise)
185,Magazine/Blog,#008767,#000000,#0093FF,#000000,#5200FF,#FFFFFF,#FFFFFF,#131313,#FFFFFF,#131313,#E9E9E9,#64748B,#FFFFFF,#DC2626,#FFFFFF,#3CFFD0,blog content editorial magazine media publication writing,Brand-inspired (theverge)
186,Fashion E-commerce,#CB3F00,#FFFFFF,#FF7A45,#FFFFFF,#FFB800,#452C00,#F5F5F5,#333333,#FFFFFF,#333333,#F0F0F0,#999999,#E8E8E8,#DC2626,#FFFFFF,#FF5000,apparel boutique clothing outfit style wardrobe,Fashion e-commerce — taobao-style orange + golden promotion accent
187,Clothing Brand / Boutique,#59443E,#FFFFFF,#57534E,#FFFFFF,#B45309,#FFFFFF,#FAFAF9,#1C1917,#FFFFFF,#292524,#F5F5F4,#78716C,#E7E5E4,#DC2626,#FFFFFF,#59443E,apparel boutique fashion outfit style wardrobe,Clothing boutique — editorial dark + warm gold fashion accent
188,Fashion E-commerce / Retail,#E22C2F,#FFFFFF,#C41C1F,#FFFFFF,#F59E0B,#451A03,#FFFFFF,#262626,#FFFFFF,#262626,#F7F7F7,#8C8C8C,#E5E5E5,#DC2626,#FFFFFF,#E22C2F,apparel boutique buy clothing ecommerce mall outfit shop shopping store style wardrobe,Fashion retail — red professional e-commerce clothing
189,Educational App,#3A8701,#FFFFFF,#49AD00,#0F172A,#1CB0F6,#0F172A,#FFFFFF,#1A2B0A,#FFFFFF,#1A2B0A,#F0F4E8,#64748B,#DDE8CC,#DC2626,#FFFFFF,#58CC02,classroom course education learning school student teach tutor,Brand-inspired (duolingo)
190,E-commerce Luxury,#125059,#FFFFFF,#0A1A1C,#FFFFFF,#36F4A4,#0F172A,#000000,#FFFFFF,#1E1E1E,#FFFFFF,#1A2A24,#8A9B94,#1E3932,#DC2626,#FFFFFF,#125059,boutique exclusive high-end luxury premium shop showcase,Brand-inspired (shopify)
191,E-commerce Luxury,#3E4759,#FFFFFF,#39393B,#FFFFFF,#D94E17,#000000,#FFFFFF,#111111,#FFFFFF,#111111,#F5F5F5,#6B6B6B,#E5E5E5,#DC2626,#FFFFFF,#3E4759,athletic brand flagship minimal sport streetwear,Brand-inspired (nike)
192,SaaS (General),#E32D00,#FFFFFF,#E0603F,#0F172A,#0091AE,#0F172A,#FFFFFF,#2D3748,#FFFFFF,#2D3748,#F5F7FA,#64748B,#E2E8F0,#DC2626,#FFFFFF,#FF7A59,crm growth inbound marketing pipeline sales,Brand-inspired (hubspot)
193,Remote Work/Collaboration Tool,#5865F2,#FFFFFF,#4752C4,#FFFFFF,#57F287,#0F172A,#313338,#FFFFFF,#1E1E1E,#FFFFFF,#2B2D31,#96989D,#1E1F22,#DC2626,#FFFFFF,#5865F2,chat community gaming group server social voice,Brand-inspired (discord)
194,Ride Hailing / Transportation,#3E4759,#FFFFFF,#1A1A1A,#FFFFFF,#1B8A5A,#000000,#FFFFFF,#000000,#FFFFFF,#000000,#F3F3F3,#757575,#E2E2E2,#DC2626,#FFFFFF,#3E4759,car commute drive mobility ride taxi transport trip,Brand-inspired (uber)
195,Banking/Traditional Finance,#003087,#FFFFFF,#002070,#FFFFFF,#FFD140,#0F172A,#FFFFFF,#003087,#FFFFFF,#1A1A2E,#F5F7FA,#6B7280,#E5E7EB,#DC2626,#FFFFFF,#003087,checkout money pay send transfer wallet,Brand-inspired (paypal)
196,Banking/Traditional Finance,#00C805,#0F172A,#00A604,#0F172A,#FF5000,#0F172A,#000000,#FFFFFF,#1E1E1E,#FFFFFF,#1A1A1A,#8A8A8A,#333333,#DC2626,#FFFFFF,#00C805,invest portfolio stock trade watchlist,Brand-inspired (robinhood)
197,Banking/Traditional Finance,#4D8400,#FFFFFF,#A8F040,#0F172A,#0369A1,#FFFFFF,#FFFFFF,#0D0D0D,#FFFFFF,#0D0D0D,#F5F5F5,#6B7280,#E5E5E5,#DC2626,#FFFFFF,#B5FF4D,card corporate expense reimbursement savings spend,Brand-inspired (ramp)
198,Banking/Traditional Finance,#00D64F,#0F172A,#00BF46,#0F172A,#00D64F,#0F172A,#000000,#FFFFFF,#1E1E1E,#FFFFFF,#1A1A1A,#8A8A8A,#242424,#DC2626,#FFFFFF,#00D64F,boost cash p2p payment send transfer,Brand-inspired (cashapp)
199,Magazine/Blog,#FFBB00,#0F172A,#E8A800,#0F172A,#1E40AF,#FFFFFF,#000000,#FFFFFF,#1E1E1E,#FFFFFF,#1A1A1A,#8A8A8A,#333333,#DC2626,#FFFFFF,#FFBB00,creator growth monetize newsletter publish subscriber,Brand-inspired (beehiiv)
200,Magazine/Blog,#AE6500,#FFFFFF,#E88200,#0F172A,#6D28D9,#FFFFFF,#FFFFFF,#15171A,#FFFFFF,#15171A,#F5F5F5,#738A94,#E5E7EB,#DC2626,#FFFFFF,#FF9400,blog cms ghost independent journal publishing writing,Brand-inspired (ghost)
201,Dashboard,#774AA4,#FFFFFF,#6A3E92,#FFFFFF,#8B45D6,#FFFFFF,#282828,#E0E0E0,#1E1E1E,#E0E0E0,#333333,#8E8E8E,#3D3D3D,#DC2626,#FFFFFF,#774AA4,apm infrastructure metrics monitoring observability trace,Brand-inspired (datadog)
202,Dashboard,#F46800,#0F172A,#DC5C00,#0F172A,#3D71D9,#FFFFFF,#181B1F,#D9D9D9,#1E1E1E,#D9D9D9,#242629,#8E8E8E,#34373B,#DC2626,#FFFFFF,#F46800,alert dashboard grafana logs metrics panel visualization,Brand-inspired (grafana)
203,Design System/Component Library,#7B2FBE,#FFFFFF,#6B28A6,#FFFFFF,#00C4CC,#0F172A,#FFFFFF,#0D1216,#FFFFFF,#0D1216,#F5F0FF,#7B7B8B,#E5D9F2,#DC2626,#FFFFFF,#7B2FBE,canvas creative design edit template visual,Brand-inspired (canva)
204,AI/Chatbot Platform,#0D8669,#FFFFFF,#0E9270,#0F172A,#10A37F,#0F172A,#FFFFFF,#212121,#FFFFFF,#212121,#F7F7F8,#6E6E80,#E5E5E5,#DC2626,#FFFFFF,#10A37F,ai chat completion gpt model prompt,Brand-inspired (openai)
205,AI/Chatbot Platform,#BF512C,#FFFFFF,#A8421F,#FFFFFF,#C2522D,#FFFFFF,#FAF9F5,#1A1A18,#FFFFFF,#1A1A18,#F2F0EC,#6B6B63,#D8D4CC,#DC2626,#FFFFFF,#C2522D,ai alignment assistant constitutional safety,Brand-inspired (anthropic)
206,Automotive/Car Dealership,#3E6AE1,#FFFFFF,#2E56C4,#FFFFFF,#3E6AE1,#FFFFFF,#FFFFFF,#171A20,#FFFFFF,#171A20,#F4F4F4,#5C5E62,#E5E5E5,#DC2626,#FFFFFF,#3E6AE1,auto electric ev luxury motor showroom vehicle,Brand-inspired (tesla)
207,Productivity Tool,#5645D4,#FFFFFF,#3A2A99,#FFFFFF,#E16259,#0F172A,#FFFFFF,#0A1530,#FFFFFF,#0A1530,#F7F6F3,#91918E,#E3E2DE,#DC2626,#FFFFFF,#5645D4,database docs notes wiki workspace,Brand-inspired (notion)
208,SaaS (General),#E4F222,#0F172A,#C8D91E,#0F172A,#5E6AD2,#FFFFFF,#08090A,#F7F8F8,#161718,#F7F8F8,#23252A,#8A8F98,#323334,#EB5757,#FFFFFF,#E4F222,app b2b cloud dark night saas software tool,Midnight command center — neon lime on obsidian (Linear-inspired dark)
209,Developer Tool / IDE,#A78BFA,#0F172A,#8655F6,#FFFFFF,#22D3EE,#0F172A,#0D0E11,#E2E8F0,#1A1B1F,#E2E8F0,#252629,#71717A,#3A3A3F,#EF4444,#FFFFFF,#A78BFA,cli code dark dev devtool editor ide terminal,Synthwave dark lab — violet + cyan neon on charcoal
210,Restaurant/Food Service,#D49653,#0F172A,#C08440,#0F172A,#EFA680,#0F172A,#140B00,#FFF1E0,#1E1409,#FFF1E0,#2A1F12,#A69478,#43392D,#DC2626,#FFFFFF,#D49653,bistro cuisine dark dining food gourmet restaurant upscale,Midnight desert oasis — warm gold on deep umber
211,Analytics Dashboard,#9984D8,#0F172A,#7B6BC0,#FFFFFF,#22C55E,#0F172A,#0A0A0F,#E8E8EC,#141418,#E8E8EC,#1E1E24,#71717A,#2E2E36,#EF4444,#FFFFFF,#9984D8,admin analytics bi dark dashboard data panel visualization,Midnight data studio — lavender metrics on deep void
212,Fintech/Crypto,#00D68F,#0F172A,#00B377,#0F172A,#FF6B35,#0F172A,#012624,#E0F2EF,#03332F,#E0F2EF,#064A44,#7BA8A0,#0A5C54,#EF4444,#FFFFFF,#00D68F,blockchain crypto dark defi finance fintech trading wallet,Deep-sea radiant data — emerald glow on ocean floor
213,AI/Chatbot Platform,#D97757,#0F172A,#C16545,#FFFFFF,#788C5D,#0F172A,#141413,#FAF9F5,#1E1E1D,#FAF9F5,#2A2A28,#87867F,#3D3D3A,#DC2626,#FFFFFF,#D97757,ai assistant chatbot dark llm model research safety,Research journal on warm stone — terracotta on dark parchment
214,Productivity Tool,#C7E3FF,#000000,#E5E5E5,#000000,#3B82F6,#0F172A,#000000,#EEEEEE,#141414,#EEEEEE,#1E1E1E,#888888,#2A2A2A,#EF4444,#FFFFFF,#C7E3FF,collaboration dark notes productivity tool workspace,Matte black precision instrument — monochrome control surface
215,Creative Agency,#FF4105,#0F172A,#E53A04,#FFFFFF,#FFD60A,#0F172A,#0D1117,#E6EDF3,#161B22,#E6EDF3,#21262D,#7D8590,#30363D,#DA3633,#FFFFFF,#FF4105,agency brand creative dark design portfolio studio,Electric storm over a blueprint — vivid neon on deep navy
216,SaaS (General),#59593E,#FFFFFF,#3D3D3A,#FFFFFF,#C2522D,#FFFFFF,#FAF9F5,#141413,#FFFFFF,#141413,#F2F0EC,#6B6B63,#D8D4CC,#DC2626,#FFFFFF,#59593E,academic editorial research saas tool warm,Academic journal on vellum — warm stone editorial
217,Educational App,#3A8701,#FFFFFF,#4AAD00,#0F172A,#FF9600,#0F172A,#FFFFFF,#3C3C3C,#FFFFFF,#3C3C3C,#E5E5E5,#777777,#E5E5E5,#FF4B4B,#FFFFFF,#58CC02,app education fun gamified language learning playful,Playground starter kit — bold gamified green + orange rewards
218,Payments / Checkout,#533AFD,#FFFFFF,#4529E0,#FFFFFF,#FF6118,#0F172A,#FFFFFF,#061B31,#F8FAFD,#061B31,#E5EDF5,#50617A,#D8D6DF,#DC2626,#FFFFFF,#533AFD,checkout fintech gateway payment processing stripe,Architectural blueprint on white marble — violet precision
219,Design System/Component Library,#E80000,#FFFFFF,#E55A5A,#FFFFFF,#4ECDC4,#0F172A,#FFF8F6,#2D3436,#FFFFFF,#2D3436,#F5EFED,#6B7280,#F0E0DB,#DC2626,#FFFFFF,#FF6B6B,canvas component creative design tool ui-kit visual,Vibrant pink playground — coral dance on warm blush canvas
220,Magazine/Blog,#3E4759,#FFFFFF,#333333,#FFFFFF,#B91C1C,#FFFFFF,#FFFFFF,#111111,#F9F9F9,#111111,#F3F3F3,#757575,#E8E8E8,#DC2626,#FFFFFF,#3E4759,article blog editorial literary magazine medium publishing,Digital ink on vellum — monochrome typographic authority
221,Healthcare App,#00543D,#FFFFFF,#004432,#FFFFFF,#D97706,#0F172A,#FBFDF6,#0A1D08,#FFFFFF,#0A1D08,#F0F4EA,#5C6B55,#D9E3D0,#DC2626,#FFFFFF,#00543D,calm clinical health medical patient wellness,Mist-shrouded valley — deep forest green on meadow white
222,Food Delivery / On-Demand,#B63A00,#FFFFFF,#E04800,#FFFFFF,#524AE9,#FFFFFF,#E2E2DF,#070607,#EFEEEB,#070607,#D5D4D0,#6B6B68,#C8C7C3,#DC2626,#FFFFFF,#FC5000,delivery food on-demand order quick takeout,Pixelated cyber-playground — vivid orange on warm concrete
223,Calendar & Scheduling App,#8A7500,#FFFFFF,#E8C400,#0F172A,#1A67FD,#FFFFFF,#FFFEFB,#1D2130,#FFFFFF,#1D2130,#F5F3ED,#6B7280,#E5E3DC,#DC2626,#FFFFFF,#FFD801,calendar events planner schedule scheduling sunny warm,Sunlit productivity canvas — bright yellow on warm cream
224,Membership/Community,#DC371A,#FFFFFF,#E8C0B8,#0F172A,#F7D046,#0F172A,#FFFEFB,#222222,#FFFFFF,#222222,#F5F0ED,#777777,#E8E0DB,#DC2626,#FFFFFF,#F5B7AC,club community forum member social support warm,Warm buoyant community canvas — peach + gold on cream
225,Portfolio/Personal,#E7D2B4,#0F172A,#D5CCB8,#0F172A,#E7DED1,#0F172A,#000000,#E7DED1,#0A0A0A,#E7DED1,#151515,#6B6560,#252220,#DC2626,#FFFFFF,#E7D2B4,creative dark gallery portfolio projects showcase,Black canvas stark typography — ghost sand on midnight void
226,Meditation & Mindfulness,#5764FE,#FFFFFF,#8B92E8,#0F172A,#F6A6A6,#0F172A,#FFFFFF,#2D2D2D,#FAFAFE,#2D2D2D,#F0F0F8,#8888AA,#E8E8F0,#DC2626,#FFFFFF,#9FA6FF,breathe calm meditation mindful relax serenity soft wellness,Ethereal lavender mist — periwinkle + blush on pure white
227,Real Estate/Property,#8B6914,#FFFFFF,#725510,#FFFFFF,#1A5632,#FFFFFF,#FAF5F2,#2D2520,#FFFFFF,#2D2520,#F0EAE5,#8B7D70,#E0D6CD,#DC2626,#FFFFFF,#8B6914,estate home housing land luxury property real,Warm sandstone gallery — burnished gold + forest on linen
228,Survey / Form Builder,#4F46E5,#FFFFFF,#818CF8,#FFFFFF,#F59E0B,#0F172A,#FAFBFF,#1E1B4B,#FFFFFF,#1E1B4B,#EEF0FA,#6B7280,#E0E2F0,#DC2626,#FFFFFF,#6164F1,feedback form poll questionnaire quiz response survey typeform,Calm indigo focus — warm amber progress bar on cool lavender canvas
229,Survey / Form Builder,#B45309,#FFFFFF,#92400E,#FFFFFF,#047857,#FFFFFF,#FFFBF5,#292524,#FFFFFF,#292524,#F5F0E8,#78716C,#E7E0D5,#DC2626,#FFFFFF,#D97706,caring cozy emotional feedback friendly lifestyle warm,Warm honey questionnaire — amber + sage on cream
230,Traditional Craft / Cultural Brand,#8B2500,#FFFFFF,#6B1D00,#FFFFFF,#C19A49,#0F172A,#FDF8F0,#2C1810,#FFFDF8,#2C1810,#F5EDE0,#7C6B5A,#E8DCC8,#DC2626,#FFFFFF,#8B2500,artisan calligraphy chinese craft cultural festival heritage ink oriental traditional,Vermilion seal on rice paper — classical red + muted gold on warm ivory
231,Traditional Craft / Cultural Brand,#CC0000,#FFFFFF,#A00000,#FFFFFF,#D4A017,#0F172A,#FFF5F5,#1A0505,#FFFAFA,#1A0505,#F5E8E8,#8B6B6B,#E8D0D0,#DC2626,#FFFFFF,#CC0000,celebration festive greeting lunar new-year poster spring-festival,Auspicious crimson + imperial gold on rose white — festive Chinese
232,Educational (Institutional),#1E3A5F,#FFFFFF,#2C4F7C,#FFFFFF,#B8860B,#0F172A,#F8F9FB,#0F1A2E,#FFFFFF,#0F1A2E,#EDF0F5,#6B7280,#D8DDE5,#DC2626,#FFFFFF,#1E3A5F,academy campus institutional management school structured university,Academic navy + heritage gold on cool white — institutional authority
233,Educational (Gamified),#7C3AED,#FFFFFF,#A78BFA,#FFFFFF,#10B981,#0F172A,#FEFCFF,#1E1040,#FFFFFF,#1E1040,#F3EEFA,#7C7590,#E5DCF5,#DC2626,#FFFFFF,#7C3AED,colorful fun gamified interactive kids learning nature playful spring,Playful violet + emerald reward — gamified education energy
234,SaaS (Warm Editorial),#92400E,#FFFFFF,#78350F,#FFFFFF,#0369A1,#FFFFFF,#FFFBF7,#1C1917,#FFFFFF,#1C1917,#F5EDE5,#78716C,#E7DDD0,#DC2626,#FFFFFF,#92400E,academic content editorial informational publication scholarly warm,Warm sienna ink on parchment — editorial warmth + blue link accent
235,Fintech (Enterprise),#0F4C75,#FFFFFF,#1B6FA8,#FFFFFF,#0E7C86,#FFFFFF,#F5F7FA,#0A1929,#FFFFFF,#0A1929,#E8EDF3,#5A6B7E,#D0D8E3,#DC2626,#FFFFFF,#0F4C75,asset authoritative banking enterprise finance institutional structured,Deep steel blue trio on cool grey — enterprise financial authority
236,Government/Public Service,#1D4E89,#FFFFFF,#2A6CB5,#FFFFFF,#C53030,#FFFFFF,#F7F8FA,#111827,#FFFFFF,#111827,#EBEEF3,#6B7280,#D5DAE3,#DC2626,#FFFFFF,#1D4E89,civic government grid-based informational legal public service utilitarian,Civic blue + flag red on neutral white — institutional public service
237,Dashboard (Dense Dark),#22D3EE,#0F172A,#06B6D4,#0F172A,#F59E0B,#0F172A,#0F1117,#E2E8F0,#1A1D26,#E2E8F0,#242832,#94A3B8,#2D3340,#EF4444,#FFFFFF,#22D3EE,agriculture dark dense industrial monitoring pest surveillance utilitarian,Cyan data pulse on deep void — industrial monitoring dark
238,Creative Agency (Editorial),#3E4759,#FFFFFF,#333333,#FFFFFF,#C04D03,#FFFFFF,#FFFDF8,#1A1A1A,#FFFFFF,#1A1A1A,#F5F0E8,#6B6B6B,#E5DDD0,#DC2626,#FFFFFF,#3E4759,agency creative editorial lifestyle magazine minimalist retail,Black ink + burnt orange CTA on warm parchment — editorial authority
239,Healthcare (Wellness),#2D7A6D,#FFFFFF,#246455,#FFFFFF,#E8A87C,#0F172A,#FAFDF9,#1A2E28,#FFFFFF,#1A2E28,#EDF5F0,#5A7A70,#D5E5DB,#DC2626,#FFFFFF,#4A9D8E,calm oriental serenity spa wellness,Sage teal + warm peach on mint white — wellness serenity
240,Healthcare (Clinical),#0077B6,#FFFFFF,#0096C7,#FFFFFF,#00B4D8,#0F172A,#FFFFFF,#023E58,#FFFFFF,#023E58,#E8F4F8,#4A7A8C,#CCE5ED,#DC2626,#FFFFFF,#0077B6,clinical healthcare laboratory medical precision serene utilitarian,Clinical cerulean gradient on sterile blue-white — medical precision; bg neutralized
241,Greeting Card / Invitation,#C9445A,#FFFFFF,#B85566,#FFFFFF,#7B9E6B,#0F172A,#FFF9F7,#2D1F2A,#FFFFFF,#2D1F2A,#F5ECEA,#8B7B80,#EADDD8,#DC2626,#FFFFFF,#D4697A,card floral greeting invitation pastel romantic seasonal soft wish,Rose petal + sage leaf on blush — greeting card warmth
242,Tech Event / Conference,#6D28D9,#FFFFFF,#7C3AED,#FFFFFF,#06B6D4,#0F172A,#0A0A1A,#E2E8F0,#151530,#E2E8F0,#1E1E3A,#94A3B8,#2D2D50,#EF4444,#FFFFFF,#6D28D9,conference cyberpunk event expo futuristic hackathon summit tech,Electric violet + neon cyan on deep space — tech event spectacle
243,Science / Astronomy Education,#1E40AF,#FFFFFF,#3B82F6,#FFFFFF,#F59E0B,#0F172A,#050A20,#E2E8F0,#0F1535,#E2E8F0,#1A2040,#94A3B8,#253060,#EF4444,#FFFFFF,#1E40AF,astronomy cosmic galaxy planet science simulation solar space star universe,Deep space blue + stellar amber on cosmic void — astronomy education
244,Festival (Dragon Boat),#2D6A4F,#FFFFFF,#3A7D60,#FFFFFF,#A68B3C,#0F172A,#F5FAF7,#1B3D2E,#FFFFFF,#1B3D2E,#E8F0EB,#5A7A68,#D0DED5,#DC2626,#FFFFFF,#2D6A4F,bamboo dragon-boat dumpling festival green mugwort traditional zongzi,Bamboo green + zongzi gold on misty white — Dragon Boat serenity
245,Festival (Mid-Autumn),#1E3A5F,#FFFFFF,#264B75,#FFFFFF,#C8972E,#0F172A,#F8F6F0,#0F1D30,#FFFFFF,#0F1D30,#EBE8E0,#6B7B8A,#D5D0C5,#DC2626,#FFFFFF,#1E3A5F,autumn festival lantern mid-autumn moon mooncake moonlight reunion,Moonlit navy + harvest gold on warm ivory — Mid-Autumn warmth
246,Festival (Qixi),#7B2D8E,#FFFFFF,#6B2580,#FFFFFF,#D4697A,#0F172A,#FDF8FF,#2D1040,#FFFFFF,#2D1040,#F3EAF5,#7A6B80,#E5D8EA,#DC2626,#FFFFFF,#7B2D8E,love magpie qixi romantic starlight valentine chinese-valentine,Purple dusk + rose blush on lavender white — Qixi romance
247,Festival (Christmas),#1B5E38,#FFFFFF,#16753A,#FFFFFF,#B91C1C,#FFFFFF,#FFF8F0,#0F2D1A,#FFFFFF,#0F2D1A,#E8F0E8,#5A6B5A,#D0DDD0,#DC2626,#FFFFFF,#1B5E38,christmas holiday santa winter xmas evergreen pine gift,Evergreen + holly red on warm snow — Christmas classic
248,Festival (Halloween),#E87F1A,#0F172A,#CC6D10,#FFFFFF,#6B21A8,#FFFFFF,#1A1425,#E8DDD0,#221830,#E8DDD0,#2D2240,#8B80A0,#3D3355,#EF4444,#FFFFFF,#E87F1A,halloween horror october pumpkin spooky trick-or-treat,Pumpkin orange + witching purple on midnight — Halloween eerie
249,Festival (Easter / Spring),#4A7A3A,#FFFFFF,#3D6630,#FFFFFF,#D4A0C0,#0F172A,#FFFDF5,#2D3D20,#FFFFFF,#2D3D20,#F0F5E8,#6B7A60,#DDE5D0,#DC2626,#FFFFFF,#4A7A3A,bunny easter egg pastel blossom renewal springtime,Meadow green + petal pink on cream — Easter freshness
250,Traditional Craft / Cultural Brand,#1A3A5C,#FFFFFF,#15304D,#FFFFFF,#6B5540,#FFFFFF,#F5F3EF,#0F1D2F,#FFFFFF,#0F1D2F,#E5E0D8,#6B7580,#D0CCC5,#DC2626,#FFFFFF,#1A3A5C,brush calligraphy indigo ink-wash landscape literati sumi-e watercolor,Ink-wash indigo + aged bronze on xuan paper — scholarly literati
251,Traditional Craft / Cultural Brand,#2D6B5A,#FFFFFF,#24584A,#FFFFFF,#C4A35A,#0F172A,#F8FAF5,#153028,#FFFFFF,#153028,#E5EDE8,#5A7A6B,#D0DDD5,#DC2626,#FFFFFF,#2D6B5A,celadon ceramic jade porcelain songware tea zen,Celadon green + kiln gold on bamboo white — Song dynasty elegance
252,Traditional Craft / Cultural Brand,#59274D,#FFFFFF,#3D1A35,#FFFFFF,#B8860B,#0F172A,#FAF5F0,#200E1A,#FFFFFF,#200E1A,#F0E8E5,#7A6070,#E0D5D0,#DC2626,#FFFFFF,#59274D,antique bronze copper lacquer patina rosewood sandalwood vintage,Rosewood purple + antique brass on warm ivory — curio cabinet patina
253,Pitch Black Productivity,#5E6AD2,#FFFFFF,#828FFF,#FFFFFF,#00DCFF,#000000,#010102,#F7F8F8,#0F1011,#F7F8F8,#141516,#8A8F98,#23252A,#EF4444,#FFFFFF,#5E6AD2,linear vercel cursor resend developer-tool b2b-saas productivity ai-platform pitch-black neon technical infrastructure documentation,Linear-authentic pitch-black + Linear lavender + Vercel-cyan workflow accent. WCAG-tightened.
254,Editorial Enterprise,#3E4759,#FAF9F5,#2C2C2C,#FAF9F5,#B22222,#FFFFFF,#FAF9F5,#0F0F0F,#FFFEFA,#0F0F0F,#EAE7DF,#6B6B6B,#D8D4CC,#B22222,#FFFFFF,#3E4759,bloomberg ft financial news enterprise reporting editorial serif authority newspaper authoritative data-journalism corporate research executive-intelligence b2b-media,Newsprint cream + deep ink + Bloomberg/FT authority red. Editorial dense data.
255,Tanaka Poster Modernism,#59493E,#F7F4ED,#8A1E3B,#F7F4ED,#B91C1C,#FFFFFF,#F7F4ED,#1C1917,#FFFEF8,#1C1917,#EDE8DC,#6B5F4F,#DBD3C0,#B91C1C,#FFFFFF,#59493E,tanaka japanese poster modernism cultural museum tea zen lacquer vermilion indigo gold restraint art-gallery exhibition traditional-craft fashion-editorial,Off-white paper + lacquer black + vermilion/indigo accents. Japanese modernist poster.
256,Brand Identity / Cultural Institution,#DC2626,#FFFFFF,#000000,#FFFFFF,#FFE600,#000000,#FFFFFF,#000000,#FFFFFF,#000000,#F5F5F5,#404040,#000000,#DC2626,#FFFFFF,#DC2626,pentagram paula-scher supergraphic brand-identity cultural-institution museum design-agency festival publisher art-platform corporate-brand bold-typography display,Bold supergraphic brand: vivid red + yellow + pure B&W. For huge typography sites. [Primary darkened from #FF4500 for WCAG 4.5:1]
257,Public Service / Wayfinding,#1B6BB0,#FFFFFF,#5BA1D8,#0F1729,#B0510B,#FFFFFF,#F5F7F9,#1F1F1F,#FFFFFF,#1F1F1F,#E8ECEF,#525252,#C8CFD5,#B91C1C,#FFFFFF,#1E40AF,aicher pictogram olympic signage wayfinding modular system international navigation public-service government education transit healthcare exhibition-guide multi-language,Otl Aicher Munich 1972 palette: sky blue + Munich orange + silver. Accent darkened from #F39200 for WCAG.
258,Indie Music / Counterculture Editorial,#3E4759,#F0EDE5,#534966,#F0EDE5,#C2410C,#FFFFFF,#F0EDE5,#1A1A1A,#E8E4D8,#1A1A1A,#D6D0BF,#6B6357,#A8A192,#7C2D12,#FFFFFF,#3E4759,carson ray-gun deconstructed grunge experimental indie-music counterculture art-platform underground zine festival creative-agency portfolio chaos layered,Distressed warm newsprint + rust accent. Carson-style grunge editorial palette.
259,Notion Warm Workspace,#0075DE,#FFFFFF,#005BAB,#FFFFFF,#B14600,#FFFFFF,#FFFFFF,#31302E,#F6F5F4,#31302E,#F6F5F4,#615D59,#E8E5E1,#DD5B00,#FFFFFF,#0075DE,notion knowledge-base documentation collaboration team workspace handbook wiki warm friendly enterprise serif productivity,Notion-authentic warm whites + Notion blue + warm orange. Accent darkened from #DD5B00 for WCAG.
260,Cursor Warm Dev Tool,#CC4100,#FFFFFF,#D04200,#FFFFFF,#0D7377,#FFFFFF,#F7F7F4,#26251E,#FFFFFF,#26251E,#E6E5E0,#5A5852,#CFCDC4,#CF2D56,#FFFFFF,#F54E00,cursor warm-cream dev-tool ai-editor editorial-dev jetbrains-mono ide developer-tool warm productivity orange,Cursor-authentic warm cream canvas + Cursor primary-active. Adjusted from #F54E00 for WCAG 4.5.
261,Premium SaaS (Stripe),#533AFD,#FFFFFF,#4434D4,#FFFFFF,#C81E55,#FFFFFF,#FFFFFF,#061B31,#FFFFFF,#061B31,#F5F6FB,#64748D,#E1E5EE,#EA2261,#FFFFFF,#533AFD,stripe premium-saas fintech payments b2b-saas modern enterprise purple violet luxury financial-tools billing,Stripe-authentic purple + deep navy heading + ruby. Accent darkened from #EA2261 for WCAG.
262,Maps & Navigation,#1A73E8,#FFFFFF,#34A89D,#0F172A,#FF9500,#1C1C1E,#FFFFFF,#202124,#F8F9FA,#202124,#E8EAED,#5F6368,#DADCE0,#EA4335,#FFFFFF,#1A73E8,map navigation gps route location wayfinding directions light,Light UI chrome + route blue + destination green + traffic amber
263,Maps & Navigation,#4285F4,#1C1C1E,#30D1CA,#1C1C1E,#FF9F0A,#1C1C1E,#1C1C1E,#FFFFFF,#2C2C2E,#FFFFFF,#3A3A3C,#8D8D93,#48484A,#FF453A,#FFFFFF,#4285F4,map navigation night dark gps route location wayfinding,Night mode dark map + electric blue route + system green destination
264,Healthcare / Wellness (Calm Blue),#1E40AF,#FFFFFF,#3B82F6,#FFFFFF,#7C3AED,#FFFFFF,#FFFFFF,#0F172A,#FFFFFF,#0F172A,#EEF2FF,#64748B,#E5E5E5,#DC2626,#FFFFFF,#1E40AF,calm clinical health medical patient serene trust wellness,Non-green alternative: deep blue calm + violet accent; neutral bg
265,Healthcare / Wellness (Lavender),#7C3AED,#FFFFFF,#A78BFA,#0F172A,#0891B2,#0F172A,#FAFAFA,#1E1B4B,#FFFFFF,#1E1B4B,#F5F3FF,#64748B,#E5E5E5,#DC2626,#FFFFFF,#7C3AED,breathe calm healing mental mindfulness serenity soft wellness,Non-green alternative: lavender serenity + cyan accent; neutral bg
266,Healthcare / Wellness (Warm Peach),#C2410C,#FFFFFF,#EA580C,#0F172A,#1D4ED8,#FFFFFF,#FFFFFF,#1C1917,#FFFBF7,#1C1917,#FEF3E2,#78716C,#E7E5E0,#DC2626,#FFFFFF,#C2410C,care clinic gentle health human nourish recovery warmth wellness,Non-green alternative: warm terracotta + trust blue; cream card on white bg
267,Survey / Form Builder,#334155,#FFFFFF,#475569,#FFFFFF,#0891B2,#0F172A,#FFFFFF,#0F172A,#FFFFFF,#0F172A,#F1F5F9,#64748B,#E2E8F0,#DC2626,#FFFFFF,#334155,academic administration education evaluation institutional research school university,Swiss slate — authoritative cool grey + cyan progress accent; pure white bg
268,Survey / Form Builder,#0F766E,#FFFFFF,#14B8A6,#0F172A,#7C3AED,#FFFFFF,#FAFAFA,#134E4A,#FFFFFF,#134E4A,#F5F5F5,#64748B,#E5E5E5,#DC2626,#FFFFFF,#0F766E,clinic health hospital medical patient screening wellness diagnosis,Clinical teal — healthcare trust + violet highlight; neutral bg
269,Survey / Form Builder,#6D28D9,#FFFFFF,#8B5CF6,#FFFFFF,#E11D48,#FFFFFF,#FAFAFA,#2E1065,#FFFFFF,#2E1065,#F5F5F5,#64748B,#E5E5E5,#DC2626,#FFFFFF,#6D28D9,customer experience feedback nps rating review satisfaction ux,Violet focus — creative engagement + rose CTA; light neutral bg
270,Survey / Form Builder,#1E40AF,#FFFFFF,#3B82F6,#FFFFFF,#B45309,#FFFFFF,#FFFFFF,#1E3A5F,#FFFFFF,#1E3A5F,#F5F5F5,#64748B,#E5E5E5,#DC2626,#FFFFFF,#1E40AF,civic compliance government inspection municipal official policy public regulatory,Civic blue — institutional authority + warm amber action; pure white bg
271,Survey / Form Builder,#A0455A,#FFFFFF,#8A3A4C,#FFFFFF,#4F7A6B,#FFFFFF,#FCF7F6,#2C2326,#FFFFFF,#2C2326,#F3E8EA,#7A6B6E,#E8D9DC,#DC2626,#FFFFFF,#A0455A,caring gentle soft warm wellbeing compassion supportive survey form,Dusty rose questionnaire — gentle rose + sage on warm white
272,Survey / Form Builder,#B0532F,#FFFFFF,#8F4124,#FFFFFF,#3E6E63,#FFFFFF,#FDF6F1,#2A211C,#FFFFFF,#2A211C,#F4E8E0,#7C6E64,#E8D6CB,#DC2626,#FFFFFF,#B0532F,earthy warm handcraft artisan grounded community local survey form,Terracotta questionnaire — clay + deep teal on warm linen
273,Survey / Form Builder,#6E6A2A,#FFFFFF,#58551F,#FFFFFF,#9B3B52,#FFFFFF,#FAF9F2,#2A2A1E,#FFFFFF,#2A2A1E,#EFEEE2,#6E6D5A,#DCDBC8,#DC2626,#FFFFFF,#6E6A2A,natural warm organic calm wellness mindful botanical survey form,Warm olive questionnaire — olive + berry on warm ivory
274,Survey / Form Builder,#8E3B47,#FFFFFF,#722F39,#FFFFFF,#976319,#FFFFFF,#FCF6F4,#2A2022,#FFFFFF,#2A2022,#F2E7E6,#7A6E6F,#E6D4D3,#DC2626,#FFFFFF,#8E3B47,refined warm cozy mature autumnal heritage classic survey form,Warm wine questionnaire — wine + ochre on warm blush
275,Survey / Form Builder,#E85C42,#1F1F1F,#C44B34,#FFFFFF,#2E7D74,#FFFFFF,#FFF7F4,#2B1B16,#FFFFFF,#2B1B16,#FBEAE5,#7C685F,#F4D9D0,#DC2626,#FFFFFF,#E85C42,vibrant friendly energetic playful warm cheerful coral survey form,Coral questionnaire — vivid coral + teal on warm white
276,Survey / Form Builder,#E0701A,#1F1F1F,#B85912,#FFFFFF,#235E6E,#FFFFFF,#FFF8F1,#2A2016,#FFFFFF,#2A2016,#FAEBDD,#7D6E5E,#F2DBC4,#DC2626,#FFFFFF,#E0701A,warm energetic seasonal festive lively bright orange survey form,Pumpkin questionnaire — bright orange + deep teal on warm cream
277,Survey / Form Builder,#E0A200,#1F1F1F,#B88400,#FFFFFF,#7A3F6E,#FFFFFF,#FFFCF0,#2A2410,#FFFFFF,#2A2410,#F5EFDB,#787256,#E8DEBE,#DC2626,#FFFFFF,#E0A200,warm sunny optimistic bright golden cheerful marigold survey form,Marigold questionnaire — golden yellow + plum on warm ivory
278,Survey / Form Builder,#C72E5A,#FFFFFF,#A8264C,#FFFFFF,#1F7A6B,#FFFFFF,#FFF5F7,#2B1820,#FFFFFF,#2B1820,#FBE6EC,#7D6571,#F4D4DE,#DC2626,#FFFFFF,#C72E5A,vibrant warm playful bold youthful pink cerise survey form,Cerise questionnaire — vivid pink + teal on warm blush
